Step,AgentID,Wealth,Position,Order
1,saver_19,952.9,sell,0
1,rnd_trader_4,,buy,1
1,rnd_trader_3,,buy,1
1,saver_11,955.64,buy,0
1,saver_18,1069.5,sell,0
1,saver_6,943.73,buy,0
1,saver_22,975.71,sell,0
1,saver_2,1047.29,buy,0
1,saver_1,948.98,buy,0
1,saver_7,1020.4,buy,0
1,saver_9,1040.26,buy,0
1,saver_23,958.64,sell,0
1,saver_20,1045.95,sell,0
1,saver_3,1048.13,buy,0
1,saver_12,901.3,buy,0
1,saver_4,917.39,buy,0
1,saver_17,975.99,sell,0
1,saver_10,944.09,buy,0
1,saver_5,906.36,buy,0
1,rnd_trader_1,,sell,1
1,rnd_trader_2,,sell,1
1,rnd_trader_5,,buy,1
1,saver_16,967.32,buy,0
1,saver_8,939.77,buy,0
1,saver_15,943.06,buy,0
1,saver_0,905.0,buy,0
1,saver_21,924.97,sell,0
1,rnd_trader_0,,buy,1
1,saver_14,968.05,buy,0
1,saver_13,931.93,buy,0
2,saver_19,952.9,sell,0
2,rnd_trader_4,,sell,1
2,rnd_trader_3,,buy,1
2,saver_11,955.64,buy,0
2,saver_18,1069.5,sell,0
2,saver_6,943.73,buy,0
2,saver_22,975.71,sell,0
2,saver_2,1047.29,buy,0
2,saver_1,948.98,buy,0
2,saver_7,1020.4,buy,0
2,saver_9,1040.26,buy,0
2,saver_23,958.64,sell,0
2,saver_20,1045.95,sell,0
2,saver_3,1048.13,buy,0
2,saver_12,901.3,buy,0
2,saver_4,917.39,buy,0
2,saver_17,975.99,sell,0
2,saver_10,944.09,buy,0
2,saver_5,906.36,buy,0
2,rnd_trader_1,,sell,1
2,rnd_trader_2,,sell,1
2,rnd_trader_5,,buy,1
2,saver_16,967.32,buy,0
2,saver_8,939.77,buy,0
2,saver_15,943.06,buy,0
2,saver_0,905.0,buy,0
2,saver_21,924.97,sell,0
2,rnd_trader_0,,buy,1
2,saver_14,968.05,buy,0
2,saver_13,931.93,buy,0
3,saver_19,1001.9000000000001,sell,5
3,rnd_trader_4,,sell,1
3,rnd_trader_3,,sell,1
3,saver_11,955.64,buy,0
3,saver_18,1069.5,sell,0
3,saver_6,943.73,buy,0
3,saver_22,975.71,sell,0
3,saver_2,1047.29,buy,0
3,saver_1,948.98,buy,0
3,saver_7,1020.4,buy,0
3,saver_9,1040.26,buy,0
3,saver_23,958.64,sell,0
3,saver_20,1045.95,sell,0
3,saver_3,1048.13,buy,0
3,saver_12,901.3,buy,0
3,saver_4,917.39,buy,0
3,saver_17,975.99,sell,0
3,saver_10,944.09,buy,0
3,saver_5,906.36,buy,0
3,rnd_trader_1,,sell,1
3,rnd_trader_2,,buy,1
3,rnd_trader_5,,buy,1
3,saver_16,967.32,buy,0
3,saver_8,939.77,buy,0
3,saver_15,943.06,buy,0
3,saver_0,905.0,buy,0
3,saver_21,924.97,sell,0
3,rnd_trader_0,,sell,1
3,saver_14,968.05,buy,0
3,saver_13,931.93,buy,0
4,saver_19,1001.9000000000001,sell,0
4,rnd_trader_4,,sell,1
4,rnd_trader_3,,buy,1
4,saver_11,955.64,buy,0
4,saver_18,1069.5,sell,0
4,saver_6,943.73,buy,0
4,saver_22,975.71,sell,0
4,saver_2,1047.29,buy,0
4,saver_1,948.98,buy,0
4,saver_7,1020.4,buy,0
4,saver_9,1040.26,buy,0
4,saver_23,958.64,sell,0
4,saver_20,1045.95,sell,0
4,saver_3,1048.13,buy,0
4,saver_12,901.3,buy,0
4,saver_4,917.39,buy,0
4,saver_17,975.99,sell,0
4,saver_10,944.09,buy,0
4,saver_5,958.9300000000001,buy,5
4,rnd_trader_1,,buy,1
4,rnd_trader_2,,sell,1
4,rnd_trader_5,,sell,1
4,saver_16,1019.8900000000002,buy,5
4,saver_8,939.77,buy,0
4,saver_15,943.06,buy,0
4,saver_0,905.0,buy,0
4,saver_21,924.97,sell,0
4,rnd_trader_0,,sell,1
4,saver_14,968.05,buy,0
4,saver_13,931.93,buy,0
5,saver_19,1001.9000000000001,sell,0
5,rnd_trader_4,,buy,1
5,rnd_trader_3,,sell,1
5,saver_11,955.64,buy,0
5,saver_18,1069.5,sell,0
5,saver_6,943.73,buy,0
5,saver_22,975.71,sell,0
5,saver_2,1047.29,buy,0
5,saver_1,948.98,buy,0
5,saver_7,1020.4,buy,0
5,saver_9,1040.26,buy,0
5,saver_23,958.64,sell,0
5,saver_20,1045.95,sell,0
5,saver_3,1048.13,buy,0
5,saver_12,901.3,buy,0
5,saver_4,917.39,buy,0
5,saver_17,975.99,sell,0
5,saver_10,944.09,buy,0
5,saver_5,958.9300000000001,buy,0
5,rnd_trader_1,,buy,1
5,rnd_trader_2,,sell,1
5,rnd_trader_5,,buy,1
5,saver_16,1019.8900000000002,buy,0
5,saver_8,939.77,buy,0
5,saver_15,943.06,buy,0
5,saver_0,905.0,buy,0
5,saver_21,924.97,sell,0
5,rnd_trader_0,,buy,1
5,saver_14,968.05,buy,0
5,saver_13,931.93,buy,0
6,saver_19,1001.9000000000001,sell,0
6,rnd_trader_4,,sell,1
6,rnd_trader_3,,sell,1
6,saver_11,955.64,buy,0
6,saver_18,1069.5,sell,0
6,saver_6,943.73,buy,0
6,saver_22,975.71,sell,0
6,saver_2,1047.29,buy,0
6,saver_1,996.731112,buy,5
6,saver_7,1020.4,buy,0
6,saver_9,1040.26,buy,0
6,saver_23,958.64,sell,0
6,saver_20,1045.95,sell,0
6,saver_3,1048.13,buy,0
6,saver_12,901.3,buy,0
6,saver_4,917.39,buy,0
6,saver_17,975.99,sell,0
6,saver_10,944.09,buy,0
6,saver_5,958.9300000000001,buy,0
6,rnd_trader_1,,buy,1
6,rnd_trader_2,,buy,1
6,rnd_trader_5,,sell,1
6,saver_16,1019.8900000000002,buy,0
6,saver_8,939.77,buy,0
6,saver_15,943.06,buy,0
6,saver_0,905.0,buy,0
6,saver_21,924.97,sell,0
6,rnd_trader_0,,sell,1
6,saver_14,1015.801112,buy,5
6,saver_13,931.93,buy,0
7,saver_19,1001.9000000000001,sell,0
7,rnd_trader_4,,buy,1
7,rnd_trader_3,,sell,1
7,saver_11,955.64,buy,0
7,saver_18,1069.5,sell,0
7,saver_6,943.73,buy,0
7,saver_22,975.71,sell,0
7,saver_2,1047.29,buy,0
7,saver_1,996.731112,buy,0
7,saver_7,1020.4,buy,0
7,saver_9,1040.26,buy,0
7,saver_23,958.64,sell,0
7,saver_20,1045.95,sell,0
7,saver_3,1048.13,buy,0
7,saver_12,901.3,buy,0
7,saver_4,917.39,buy,0
7,saver_17,975.99,sell,0
7,saver_10,944.09,buy,0
7,saver_5,958.9300000000001,buy,0
7,rnd_trader_1,,buy,1
7,rnd_trader_2,,buy,1
7,rnd_trader_5,,sell,1
7,saver_16,1019.8900000000002,buy,0
7,saver_8,939.77,buy,0
7,saver_15,943.06,buy,0
7,saver_0,905.0,buy,0
7,saver_21,924.97,sell,0
7,rnd_trader_0,,sell,1
7,saver_14,1015.801112,buy,0
7,saver_13,931.93,buy,0
8,saver_19,1001.9000000000001,sell,0
8,rnd_trader_4,,sell,1
8,rnd_trader_3,,buy,1
8,saver_11,955.64,buy,0
8,saver_18,1069.5,sell,0
8,saver_6,943.73,buy,0
8,saver_22,975.71,sell,0
8,saver_2,1047.29,buy,0
8,saver_1,996.731112,buy,0
8,saver_7,1020.4,buy,0
8,saver_9,1040.26,buy,0
8,saver_23,958.64,sell,0
8,saver_20,1045.95,sell,0
8,saver_3,1048.13,buy,0
8,saver_12,901.3,buy,0
8,saver_4,917.39,buy,0
8,saver_17,975.99,sell,0
8,saver_10,944.09,buy,0
8,saver_5,958.9300000000001,buy,0
8,rnd_trader_1,,sell,1
8,rnd_trader_2,,sell,1
8,rnd_trader_5,,sell,1
8,saver_16,1019.8900000000002,buy,0
8,saver_8,939.77,buy,0
8,saver_15,943.06,buy,0
8,saver_0,905.0,buy,0
8,saver_21,924.97,sell,0
8,rnd_trader_0,,buy,1
8,saver_14,1015.801112,buy,0
8,saver_13,931.93,buy,0
9,saver_19,1001.9000000000001,sell,0
9,rnd_trader_4,,buy,1
9,rnd_trader_3,,buy,1
9,saver_11,955.64,buy,0
9,saver_18,1069.5,sell,0
9,saver_6,943.73,buy,0
9,saver_22,975.71,sell,0
9,saver_2,1047.29,buy,0
9,saver_1,996.731112,buy,0
9,saver_7,1020.4,buy,0
9,saver_9,1040.26,buy,0
9,saver_23,958.64,sell,0
9,saver_20,1045.95,sell,0
9,saver_3,1048.13,buy,0
9,saver_12,901.3,buy,0
9,saver_4,917.39,buy,0
9,saver_17,975.99,sell,0
9,saver_10,944.09,buy,0
9,saver_5,958.9300000000001,buy,0
9,rnd_trader_1,,buy,1
9,rnd_trader_2,,sell,1
9,rnd_trader_5,,sell,1
9,saver_16,1019.8900000000002,buy,0
9,saver_8,939.77,buy,0
9,saver_15,943.06,buy,0
9,saver_0,905.0,buy,0
9,saver_21,924.97,sell,0
9,rnd_trader_0,,sell,1
9,saver_14,1015.801112,buy,0
9,saver_13,931.93,buy,0
10,saver_19,1001.9000000000001,sell,0
10,rnd_trader_4,,sell,1
10,rnd_trader_3,,sell,1
10,saver_11,955.64,buy,0
10,saver_18,1069.5,sell,0
10,saver_6,943.73,buy,0
10,saver_22,975.71,sell,0
10,saver_2,1047.29,buy,0
10,saver_1,996.731112,buy,0
10,saver_7,1020.4,buy,0
10,saver_9,1040.26,buy,0
10,saver_23,958.64,sell,0
10,saver_20,1045.95,sell,0
10,saver_3,1048.13,buy,0
10,saver_12,901.3,buy,0
10,saver_4,917.39,buy,0
10,saver_17,975.99,sell,0
10,saver_10,944.09,buy,0
10,saver_5,958.9300000000001,buy,0
10,rnd_trader_1,,buy,1
10,rnd_trader_2,,sell,1
10,rnd_trader_5,,sell,1
10,saver_16,1019.8900000000002,buy,0
10,saver_8,939.77,buy,0
10,saver_15,943.06,buy,0
10,saver_0,949.6997769408,buy,5
10,saver_21,924.97,sell,0
10,rnd_trader_0,,sell,1
10,saver_14,1015.801112,buy,0
10,saver_13,931.93,buy,0
11,saver_19,1001.9000000000001,sell,0
11,rnd_trader_4,,buy,1
11,rnd_trader_3,,buy,1
11,saver_11,955.64,buy,0
11,saver_18,1069.5,sell,0
11,saver_6,943.73,buy,0
11,saver_22,975.71,sell,0
11,saver_2,1047.29,buy,0
11,saver_1,996.731112,buy,0
11,saver_7,1020.4,buy,0
11,saver_9,1040.26,buy,0
11,saver_23,958.64,sell,0
11,saver_20,1045.95,sell,0
11,saver_3,1048.13,buy,0
11,saver_12,901.3,buy,0
11,saver_4,917.39,buy,0
11,saver_17,975.99,sell,0
11,saver_10,944.09,buy,0
11,saver_5,958.9300000000001,buy,0
11,rnd_trader_1,,buy,1
11,rnd_trader_2,,sell,1
11,rnd_trader_5,,sell,1
11,saver_16,1019.8900000000002,buy,0
11,saver_8,939.77,buy,0
11,saver_15,943.06,buy,0
11,saver_0,949.6997769408,buy,0
11,saver_21,924.97,sell,0
11,rnd_trader_0,,sell,1
11,saver_14,1015.801112,buy,0
11,saver_13,931.93,buy,0
12,saver_19,1001.9000000000001,sell,0
12,rnd_trader_4,,sell,1
12,rnd_trader_3,,buy,1
12,saver_11,955.64,buy,0
12,saver_18,1069.5,sell,0
12,saver_6,943.73,buy,0
12,saver_22,975.71,sell,0
12,saver_2,1047.29,buy,0
12,saver_1,996.731112,buy,0
12,saver_7,1020.4,buy,0
12,saver_9,1040.26,buy,0
12,saver_23,958.64,sell,0
12,saver_20,1045.95,sell,0
12,saver_3,1048.13,buy,0
12,saver_12,901.3,buy,0
12,saver_4,917.39,buy,0
12,saver_17,975.99,sell,0
12,saver_10,944.09,buy,0
12,saver_5,958.9300000000001,buy,0
12,rnd_trader_1,,buy,1
12,rnd_trader_2,,buy,1
12,rnd_trader_5,,sell,1
12,saver_16,1019.8900000000002,buy,0
12,saver_8,939.77,buy,0
12,saver_15,943.06,buy,0
12,saver_0,949.6997769408,buy,0
12,saver_21,924.97,sell,0
12,rnd_trader_0,,sell,1
12,saver_14,1015.801112,buy,0
12,saver_13,931.93,buy,0
13,saver_19,1001.9000000000001,sell,0
13,rnd_trader_4,,buy,1
13,rnd_trader_3,,buy,1
13,saver_11,955.64,buy,0
13,saver_18,1069.5,sell,0
13,saver_6,943.73,buy,0
13,saver_22,975.71,sell,0
13,saver_2,1047.29,buy,0
13,saver_1,996.731112,buy,0
13,saver_7,1020.4,buy,0
13,saver_9,1040.26,buy,0
13,saver_23,958.64,sell,0
13,saver_20,1045.95,sell,0
13,saver_3,1048.13,buy,0
13,saver_12,901.3,buy,0
13,saver_4,917.39,buy,0
13,saver_17,1020.136774710208,sell,5
13,saver_10,944.09,buy,0
13,saver_5,958.9300000000001,buy,0
13,rnd_trader_1,,sell,1
13,rnd_trader_2,,buy,1
13,rnd_trader_5,,sell,1
13,saver_16,1019.8900000000002,buy,0
13,saver_8,939.77,buy,0
13,saver_15,943.06,buy,0
13,saver_0,949.6997769408,buy,0
13,saver_21,924.97,sell,0
13,rnd_trader_0,,sell,1
13,saver_14,1015.801112,buy,0
13,saver_13,931.93,buy,0
14,saver_19,1001.9000000000001,sell,0
14,rnd_trader_4,,sell,1
14,rnd_trader_3,,sell,1
14,saver_11,955.64,buy,0
14,saver_18,1069.5,sell,0
14,saver_6,943.73,buy,0
14,saver_22,975.71,sell,0
14,saver_2,1047.29,buy,0
14,saver_1,996.731112,buy,0
14,saver_7,1020.4,buy,0
14,saver_9,1040.26,buy,0
14,saver_23,958.64,sell,0
14,saver_20,1045.95,sell,0
14,saver_3,1048.13,buy,0
14,saver_12,901.3,buy,0
14,saver_4,917.39,buy,0
14,saver_17,1020.136774710208,sell,0
14,saver_10,944.09,buy,0
14,saver_5,958.9300000000001,buy,0
14,rnd_trader_1,,buy,1
14,rnd_trader_2,,sell,1
14,rnd_trader_5,,sell,1
14,saver_16,1019.8900000000002,buy,0
14,saver_8,939.77,buy,0
14,saver_15,943.06,buy,0
14,saver_0,949.6997769408,buy,0
14,saver_21,924.97,sell,0
14,rnd_trader_0,,buy,1
14,saver_14,1015.801112,buy,0
14,saver_13,931.93,buy,0
15,saver_19,1001.9000000000001,sell,0
15,rnd_trader_4,,sell,1
15,rnd_trader_3,,sell,1
15,saver_11,955.64,buy,0
15,saver_18,1069.5,sell,0
15,saver_6,943.73,buy,0
15,saver_22,975.71,sell,0
15,saver_2,1047.29,buy,0
15,saver_1,996.731112,buy,0
15,saver_7,1020.4,buy,0
15,saver_9,1088.2606472552036,buy,5
15,saver_23,958.64,sell,0
15,saver_20,1045.95,sell,0
15,saver_3,1048.13,buy,0
15,saver_12,901.3,buy,0
15,saver_4,965.3906472552036,buy,5
15,saver_17,1020.136774710208,sell,0
15,saver_10,944.09,buy,0
15,saver_5,958.9300000000001,buy,0
15,rnd_trader_1,,sell,1
15,rnd_trader_2,,sell,1
15,rnd_trader_5,,sell,1
15,saver_16,1019.8900000000002,buy,0
15,saver_8,939.77,buy,0
15,saver_15,943.06,buy,0
15,saver_0,949.6997769408,buy,0
15,saver_21,924.97,sell,0
15,rnd_trader_0,,sell,1
15,saver_14,1015.801112,buy,0
15,saver_13,979.9306472552034,buy,5
16,saver_19,1001.9000000000001,sell,0
16,rnd_trader_4,,sell,1
16,rnd_trader_3,,buy,1
16,saver_11,955.64,buy,0
16,saver_18,1069.5,sell,0
16,saver_6,943.73,buy,0
16,saver_22,975.71,sell,0
16,saver_2,1047.29,buy,0
16,saver_1,996.731112,buy,0
16,saver_7,1020.4,buy,0
16,saver_9,1088.2606472552036,buy,0
16,saver_23,958.64,sell,0
16,saver_20,1045.95,sell,0
16,saver_3,1048.13,buy,0
16,saver_12,901.3,buy,0
16,saver_4,965.3906472552036,buy,0
16,saver_17,1020.136774710208,sell,0
16,saver_10,944.09,buy,0
16,saver_5,958.9300000000001,buy,0
16,rnd_trader_1,,sell,1
16,rnd_trader_2,,buy,1
16,rnd_trader_5,,sell,1
16,saver_16,1019.8900000000002,buy,0
16,saver_8,939.77,buy,0
16,saver_15,943.06,buy,0
16,saver_0,949.6997769408,buy,0
16,saver_21,924.97,sell,0
16,rnd_trader_0,,buy,1
16,saver_14,1015.801112,buy,0
16,saver_13,979.9306472552034,buy,0
17,saver_19,1001.9000000000001,sell,0
17,rnd_trader_4,,buy,1
17,rnd_trader_3,,buy,1
17,saver_11,955.64,buy,0
17,saver_18,1069.5,sell,0
17,saver_6,943.73,buy,0
17,saver_22,975.71,sell,0
17,saver_2,1047.29,buy,0
17,saver_1,996.731112,buy,0
17,saver_7,1020.4,buy,0
17,saver_9,1088.2606472552036,buy,0
17,saver_23,958.64,sell,0
17,saver_20,1045.95,sell,0
17,saver_3,1048.13,buy,0
17,saver_12,901.3,buy,0
17,saver_4,965.3906472552036,buy,0
17,saver_17,1020.136774710208,sell,0
17,saver_10,944.09,buy,0
17,saver_5,958.9300000000001,buy,0
17,rnd_trader_1,,buy,1
17,rnd_trader_2,,sell,1
17,rnd_trader_5,,sell,1
17,saver_16,1019.8900000000002,buy,0
17,saver_8,939.77,buy,0
17,saver_15,943.06,buy,0
17,saver_0,949.6997769408,buy,0
17,saver_21,924.97,sell,0
17,rnd_trader_0,,buy,1
17,saver_14,1015.801112,buy,0
17,saver_13,979.9306472552034,buy,0
18,saver_19,1001.9000000000001,sell,0
18,rnd_trader_4,,sell,1
18,rnd_trader_3,,buy,1
18,saver_11,955.64,buy,0
18,saver_18,1069.5,sell,0
18,saver_6,985.9171196183354,buy,5
18,saver_22,975.71,sell,0
18,saver_2,1047.29,buy,0
18,saver_1,996.731112,buy,0
18,saver_7,1020.4,buy,0
18,saver_9,1088.2606472552036,buy,0
18,saver_23,958.64,sell,0
18,saver_20,1045.95,sell,0
18,saver_3,1048.13,buy,0
18,saver_12,901.3,buy,0
18,saver_4,965.3906472552036,buy,0
18,saver_17,1020.136774710208,sell,0
18,saver_10,944.09,buy,0
18,saver_5,958.9300000000001,buy,0
18,rnd_trader_1,,buy,1
18,rnd_trader_2,,buy,1
18,rnd_trader_5,,buy,1
18,saver_16,1019.8900000000002,buy,0
18,saver_8,939.77,buy,0
18,saver_15,943.06,buy,0
18,saver_0,949.6997769408,buy,0
18,saver_21,924.97,sell,0
18,rnd_trader_0,,sell,1
18,saver_14,1015.801112,buy,0
18,saver_13,979.9306472552034,buy,0
19,saver_19,1001.9000000000001,sell,0
19,rnd_trader_4,,buy,1
19,rnd_trader_3,,buy,1
19,saver_11,955.64,buy,0
19,saver_18,1069.5,sell,0
19,saver_6,985.9171196183354,buy,0
19,saver_22,1013.8502179916189,sell,5
19,saver_2,1047.29,buy,0
19,saver_1,996.731112,buy,0
19,saver_7,1058.5402179916189,buy,5
19,saver_9,1088.2606472552036,buy,0
19,saver_23,958.64,sell,0
19,saver_20,1084.0902179916188,sell,5
19,saver_3,1086.270217991619,buy,5
19,saver_12,901.3,buy,0
19,saver_4,965.3906472552036,buy,0
19,saver_17,1020.136774710208,sell,0
19,saver_10,944.09,buy,0
19,saver_5,958.9300000000001,buy,0
19,rnd_trader_1,,sell,1
19,rnd_trader_2,,sell,1
19,rnd_trader_5,,sell,1
19,saver_16,1019.8900000000002,buy,0
19,saver_8,939.77,buy,0
19,saver_15,943.06,buy,0
19,saver_0,949.6997769408,buy,0
19,saver_21,924.97,sell,0
19,rnd_trader_0,,sell,1
19,saver_14,1015.801112,buy,0
19,saver_13,979.9306472552034,buy,0
20,saver_19,1001.9000000000001,sell,0
20,rnd_trader_4,,buy,1
20,rnd_trader_3,,buy,1
20,saver_11,955.64,buy,0
20,saver_18,1069.5,sell,0
20,saver_6,985.9171196183354,buy,0
20,saver_22,1013.8502179916189,sell,0
20,saver_2,1047.29,buy,0
20,saver_1,996.731112,buy,0
20,saver_7,1058.5402179916189,buy,0
20,saver_9,1088.2606472552036,buy,0
20,saver_23,958.64,sell,0
20,saver_20,1084.0902179916188,sell,0
20,saver_3,1086.270217991619,buy,0
20,saver_12,901.3,buy,0
20,saver_4,965.3906472552036,buy,0
20,saver_17,1020.136774710208,sell,0
20,saver_10,983.4674136317867,buy,5
20,saver_5,958.9300000000001,buy,0
20,rnd_trader_1,,buy,1
20,rnd_trader_2,,buy,1
20,rnd_trader_5,,sell,1
20,saver_16,1019.8900000000002,buy,0
20,saver_8,939.77,buy,0
20,saver_15,943.06,buy,0
20,saver_0,949.6997769408,buy,0
20,saver_21,924.97,sell,0
20,rnd_trader_0,,buy,1
20,saver_14,1015.801112,buy,0
20,saver_13,979.9306472552034,buy,0
21,saver_19,1001.9000000000001,sell,0
21,rnd_trader_4,,buy,1
21,rnd_trader_3,,sell,1
21,saver_11,955.64,buy,0
21,saver_18,1103.4213808586474,sell,5
21,saver_6,985.9171196183354,buy,0
21,saver_22,1013.8502179916189,sell,0
21,saver_2,1047.29,buy,0
21,saver_1,996.731112,buy,0
21,saver_7,1058.5402179916189,buy,0
21,saver_9,1088.2606472552036,buy,0
21,saver_23,958.64,sell,0
21,saver_20,1084.0902179916188,sell,0
21,saver_3,1086.270217991619,buy,0
21,saver_12,901.3,buy,0
21,saver_4,965.3906472552036,buy,0
21,saver_17,1020.136774710208,sell,0
21,saver_10,983.4674136317867,buy,0
21,saver_5,958.9300000000001,buy,0
21,rnd_trader_1,,buy,1
21,rnd_trader_2,,sell,1
21,rnd_trader_5,,sell,1
21,saver_16,1019.8900000000002,buy,0
21,saver_8,939.77,buy,0
21,saver_15,943.06,buy,0
21,saver_0,949.6997769408,buy,0
21,saver_21,924.97,sell,0
21,rnd_trader_0,,buy,1
21,saver_14,1015.801112,buy,0
21,saver_13,979.9306472552034,buy,0
22,saver_19,1039.1253118157151,sell,5
22,rnd_trader_4,,sell,1
22,rnd_trader_3,,sell,1
22,saver_11,955.64,buy,0
22,saver_18,1103.4213808586474,sell,0
22,saver_6,985.9171196183354,buy,0
22,saver_22,1013.8502179916189,sell,0
22,saver_2,1047.29,buy,0
22,saver_1,996.731112,buy,0
22,saver_7,1058.5402179916189,buy,0
22,saver_9,1088.2606472552036,buy,0
22,saver_23,995.8653118157148,sell,5
22,saver_20,1084.0902179916188,sell,0
22,saver_3,1086.270217991619,buy,0
22,saver_12,901.3,buy,0
22,saver_4,965.3906472552036,buy,0
22,saver_17,1020.136774710208,sell,0
22,saver_10,983.4674136317867,buy,0
22,saver_5,958.9300000000001,buy,0
22,rnd_trader_1,,buy,1
22,rnd_trader_2,,buy,1
22,rnd_trader_5,,sell,1
22,saver_16,1019.8900000000002,buy,0
22,saver_8,976.9953118157149,buy,5
22,saver_15,943.06,buy,0
22,saver_0,949.6997769408,buy,0
22,saver_21,924.97,sell,0
22,rnd_trader_0,,buy,1
22,saver_14,1015.801112,buy,0
22,saver_13,979.9306472552034,buy,0
23,saver_19,1039.1253118157151,sell,0
23,rnd_trader_4,,buy,1
23,rnd_trader_3,,buy,1
23,saver_11,955.64,buy,0
23,saver_18,1103.4213808586474,sell,0
23,saver_6,985.9171196183354,buy,0
23,saver_22,1013.8502179916189,sell,0
23,saver_2,1087.654046224929,buy,5
23,saver_1,996.731112,buy,0
23,saver_7,1058.5402179916189,buy,0
23,saver_9,1088.2606472552036,buy,0
23,saver_23,995.8653118157148,sell,0
23,saver_20,1084.0902179916188,sell,0
23,saver_3,1086.270217991619,buy,0
23,saver_12,901.3,buy,0
23,saver_4,965.3906472552036,buy,0
23,saver_17,1020.136774710208,sell,0
23,saver_10,983.4674136317867,buy,0
23,saver_5,999.2940462249293,buy,5
23,rnd_trader_1,,sell,1
23,rnd_trader_2,,buy,1
23,rnd_trader_5,,sell,1
23,saver_16,1060.2540462249294,buy,5
23,saver_8,976.9953118157149,buy,0
23,saver_15,943.06,buy,0
23,saver_0,949.6997769408,buy,0
23,saver_21,924.97,sell,0
23,rnd_trader_0,,sell,1
23,saver_14,1015.801112,buy,0
23,saver_13,979.9306472552034,buy,0
24,saver_19,1039.1253118157151,sell,0
24,rnd_trader_4,,buy,1
24,rnd_trader_3,,sell,1
24,saver_11,955.64,buy,0
24,saver_18,1103.4213808586474,sell,0
24,saver_6,985.9171196183354,buy,0
24,saver_22,1013.8502179916189,sell,0
24,saver_2,1087.654046224929,buy,0
24,saver_1,996.731112,buy,0
24,saver_7,1058.5402179916189,buy,0
24,saver_9,1088.2606472552036,buy,0
24,saver_23,995.8653118157148,sell,0
24,saver_20,1084.0902179916188,sell,0
24,saver_3,1086.270217991619,buy,0
24,saver_12,901.3,buy,0
24,saver_4,965.3906472552036,buy,0
24,saver_17,1020.136774710208,sell,0
24,saver_10,983.4674136317867,buy,0
24,saver_5,999.2940462249293,buy,0
24,rnd_trader_1,,sell,1
24,rnd_trader_2,,buy,1
24,rnd_trader_5,,buy,1
24,saver_16,1060.2540462249294,buy,0
24,saver_8,976.9953118157149,buy,0
24,saver_15,943.06,buy,0
24,saver_0,949.6997769408,buy,0
24,saver_21,924.97,sell,0
24,rnd_trader_0,,sell,1
24,saver_14,1015.801112,buy,0
24,saver_13,979.9306472552034,buy,0
25,saver_19,1039.1253118157151,sell,0
25,rnd_trader_4,,buy,1
25,rnd_trader_3,,buy,1
25,saver_11,955.64,buy,0
25,saver_18,1103.4213808586474,sell,0
25,saver_6,985.9171196183354,buy,0
25,saver_22,1013.8502179916189,sell,0
25,saver_2,1087.654046224929,buy,0
25,saver_1,1028.1497651586685,buy,5
25,saver_7,1058.5402179916189,buy,0
25,saver_9,1088.2606472552036,buy,0
25,saver_23,995.8653118157148,sell,0
25,saver_20,1084.0902179916188,sell,0
25,saver_3,1086.270217991619,buy,0
25,saver_12,901.3,buy,0
25,saver_4,965.3906472552036,buy,0
25,saver_17,1020.136774710208,sell,0
25,saver_10,983.4674136317867,buy,0
25,saver_5,999.2940462249293,buy,0
25,rnd_trader_1,,buy,1
25,rnd_trader_2,,sell,1
25,rnd_trader_5,,sell,1
25,saver_16,1060.2540462249294,buy,0
25,saver_8,976.9953118157149,buy,0
25,saver_15,943.06,buy,0
25,saver_0,949.6997769408,buy,0
25,saver_21,924.97,sell,0
25,rnd_trader_0,,buy,1
25,saver_14,1047.2197651586687,buy,5
25,saver_13,979.9306472552034,buy,0
26,saver_19,1039.1253118157151,sell,0
26,rnd_trader_4,,buy,1
26,rnd_trader_3,,buy,1
26,saver_11,955.64,buy,0
26,saver_18,1103.4213808586474,sell,0
26,saver_6,985.9171196183354,buy,0
26,saver_22,1013.8502179916189,sell,0
26,saver_2,1087.654046224929,buy,0
26,saver_1,1028.1497651586685,buy,0
26,saver_7,1058.5402179916189,buy,0
26,saver_9,1088.2606472552036,buy,0
26,saver_23,995.8653118157148,sell,0
26,saver_20,1084.0902179916188,sell,0
26,saver_3,1086.270217991619,buy,0
26,saver_12,901.3,buy,0
26,saver_4,965.3906472552036,buy,0
26,saver_17,1020.136774710208,sell,0
26,saver_10,983.4674136317867,buy,0
26,saver_5,999.2940462249293,buy,0
26,rnd_trader_1,,sell,1
26,rnd_trader_2,,sell,1
26,rnd_trader_5,,buy,1
26,saver_16,1060.2540462249294,buy,0
26,saver_8,976.9953118157149,buy,0
26,saver_15,966.2488915377087,buy,5
26,saver_0,949.6997769408,buy,0
26,saver_21,924.97,sell,0
26,rnd_trader_0,,sell,1
26,saver_14,1047.2197651586687,buy,0
26,saver_13,979.9306472552034,buy,0
27,saver_19,1039.1253118157151,sell,0
27,rnd_trader_4,,sell,1
27,rnd_trader_3,,sell,1
27,saver_11,955.64,buy,0
27,saver_18,1103.4213808586474,sell,0
27,saver_6,985.9171196183354,buy,0
27,saver_22,1013.8502179916189,sell,0
27,saver_2,1087.654046224929,buy,0
27,saver_1,1028.1497651586685,buy,0
27,saver_7,1058.5402179916189,buy,0
27,saver_9,1088.2606472552036,buy,0
27,saver_23,995.8653118157148,sell,0
27,saver_20,1084.0902179916188,sell,0
27,saver_3,1086.270217991619,buy,0
27,saver_12,920.6483361145943,buy,5
27,saver_4,965.3906472552036,buy,0
27,saver_17,1020.136774710208,sell,0
27,saver_10,983.4674136317867,buy,0
27,saver_5,999.2940462249293,buy,0
27,rnd_trader_1,,sell,1
27,rnd_trader_2,,buy,1
27,rnd_trader_5,,buy,1
27,saver_16,1060.2540462249294,buy,0
27,saver_8,976.9953118157149,buy,0
27,saver_15,966.2488915377087,buy,0
27,saver_0,949.6997769408,buy,0
27,saver_21,924.97,sell,0
27,rnd_trader_0,,buy,1
27,saver_14,1047.2197651586687,buy,0
27,saver_13,979.9306472552034,buy,0
28,saver_19,1039.1253118157151,sell,0
28,rnd_trader_4,,buy,1
28,rnd_trader_3,,sell,1
28,saver_11,955.64,buy,0
28,saver_18,1103.4213808586474,sell,0
28,saver_6,985.9171196183354,buy,0
28,saver_22,1013.8502179916189,sell,0
28,saver_2,1087.654046224929,buy,0
28,saver_1,1028.1497651586685,buy,0
28,saver_7,1058.5402179916189,buy,0
28,saver_9,1088.2606472552036,buy,0
28,saver_23,995.8653118157148,sell,0
28,saver_20,1084.0902179916188,sell,0
28,saver_3,1086.270217991619,buy,0
28,saver_12,920.6483361145943,buy,0
28,saver_4,965.3906472552036,buy,0
28,saver_17,1020.136774710208,sell,0
28,saver_10,983.4674136317867,buy,0
28,saver_5,999.2940462249293,buy,0
28,rnd_trader_1,,buy,1
28,rnd_trader_2,,buy,1
28,rnd_trader_5,,buy,1
28,saver_16,1060.2540462249294,buy,0
28,saver_8,976.9953118157149,buy,0
28,saver_15,966.2488915377087,buy,0
28,saver_0,949.6997769408,buy,0
28,saver_21,924.97,sell,0
28,rnd_trader_0,,buy,1
28,saver_14,1047.2197651586687,buy,0
28,saver_13,979.9306472552034,buy,0
29,saver_19,1039.1253118157151,sell,0
29,rnd_trader_4,,sell,1
29,rnd_trader_3,,sell,1
29,saver_11,967.5683830371368,buy,5
29,saver_18,1103.4213808586474,sell,0
29,saver_6,985.9171196183354,buy,0
29,saver_22,1013.8502179916189,sell,0
29,saver_2,1087.654046224929,buy,0
29,saver_1,1028.1497651586685,buy,0
29,saver_7,1058.5402179916189,buy,0
29,saver_9,1088.2606472552036,buy,0
29,saver_23,995.8653118157148,sell,0
29,saver_20,1084.0902179916188,sell,0
29,saver_3,1086.270217991619,buy,0
29,saver_12,920.6483361145943,buy,0
29,saver_4,965.3906472552036,buy,0
29,saver_17,1020.136774710208,sell,0
29,saver_10,983.4674136317867,buy,0
29,saver_5,999.2940462249293,buy,0
29,rnd_trader_1,,buy,1
29,rnd_trader_2,,sell,1
29,rnd_trader_5,,sell,1
29,saver_16,1060.2540462249294,buy,0
29,saver_8,976.9953118157149,buy,0
29,saver_15,966.2488915377087,buy,0
29,saver_0,961.6281599779368,buy,5
29,saver_21,924.97,sell,0
29,rnd_trader_0,,buy,1
29,saver_14,1047.2197651586687,buy,0
29,saver_13,979.9306472552034,buy,0
30,saver_19,1039.1253118157151,sell,0
30,rnd_trader_4,,buy,1
30,rnd_trader_3,,sell,1
30,saver_11,967.5683830371368,buy,0
30,saver_18,1103.4213808586474,sell,0
30,saver_6,985.9171196183354,buy,0
30,saver_22,1013.8502179916189,sell,0
30,saver_2,1087.654046224929,buy,0
30,saver_1,1028.1497651586685,buy,0
30,saver_7,1058.5402179916189,buy,0
30,saver_9,1088.2606472552036,buy,0
30,saver_23,995.8653118157148,sell,0
30,saver_20,1084.0902179916188,sell,0
30,saver_3,1086.270217991619,buy,0
30,saver_12,920.6483361145943,buy,0
30,saver_4,965.3906472552036,buy,0
30,saver_17,1020.136774710208,sell,0
30,saver_10,983.4674136317867,buy,0
30,saver_5,999.2940462249293,buy,0
30,rnd_trader_1,,buy,1
30,rnd_trader_2,,sell,1
30,rnd_trader_5,,sell,1
30,saver_16,1060.2540462249294,buy,0
30,saver_8,976.9953118157149,buy,0
30,saver_15,966.2488915377087,buy,0
30,saver_0,961.6281599779368,buy,0
30,saver_21,924.97,sell,0
30,rnd_trader_0,,sell,1
30,saver_14,1047.2197651586687,buy,0
30,saver_13,979.9306472552034,buy,0
31,saver_19,1039.1253118157151,sell,0
31,rnd_trader_4,,buy,1
31,rnd_trader_3,,buy,1
31,saver_11,967.5683830371368,buy,0
31,saver_18,1103.4213808586474,sell,0
31,saver_6,985.9171196183354,buy,0
31,saver_22,1013.8502179916189,sell,0
31,saver_2,1087.654046224929,buy,0
31,saver_1,1028.1497651586685,buy,0
31,saver_7,1058.5402179916189,buy,0
31,saver_9,1088.2606472552036,buy,0
31,saver_23,995.8653118157148,sell,0
31,saver_20,1084.0902179916188,sell,0
31,saver_3,1086.270217991619,buy,0
31,saver_12,920.6483361145943,buy,0
31,saver_4,965.3906472552036,buy,0
31,saver_17,1020.136774710208,sell,0
31,saver_10,983.4674136317867,buy,0
31,saver_5,999.2940462249293,buy,0
31,rnd_trader_1,,sell,1
31,rnd_trader_2,,sell,1
31,rnd_trader_5,,buy,1
31,saver_16,1060.2540462249294,buy,0
31,saver_8,976.9953118157149,buy,0
31,saver_15,966.2488915377087,buy,0
31,saver_0,961.6281599779368,buy,0
31,saver_21,931.7550006065057,sell,5
31,rnd_trader_0,,buy,1
31,saver_14,1047.2197651586687,buy,0
31,saver_13,979.9306472552034,buy,0
32,saver_19,1039.1253118157151,sell,0
32,rnd_trader_4,,sell,1
32,rnd_trader_3,,buy,1
32,saver_11,967.5683830371368,buy,0
32,saver_18,1103.4213808586474,sell,0
32,saver_6,985.9171196183354,buy,0
32,saver_22,1013.8502179916189,sell,0
32,saver_2,1087.654046224929,buy,0
32,saver_1,1028.1497651586685,buy,0
32,saver_7,1058.5402179916189,buy,0
32,saver_9,1088.2606472552036,buy,0
32,saver_23,995.8653118157148,sell,0
32,saver_20,1084.0902179916188,sell,0
32,saver_3,1086.270217991619,buy,0
32,saver_12,920.6483361145943,buy,0
32,saver_4,965.3906472552036,buy,0
32,saver_17,1029.7182252985187,sell,5
32,saver_10,983.4674136317867,buy,0
32,saver_5,999.2940462249293,buy,0
32,rnd_trader_1,,buy,1
32,rnd_trader_2,,buy,1
32,rnd_trader_5,,sell,1
32,saver_16,1060.2540462249294,buy,0
32,saver_8,976.9953118157149,buy,0
32,saver_15,966.2488915377087,buy,0
32,saver_0,961.6281599779368,buy,0
32,saver_21,931.7550006065057,sell,0
32,rnd_trader_0,,buy,1
32,saver_14,1047.2197651586687,buy,0
32,saver_13,979.9306472552034,buy,0
33,saver_19,1039.1253118157151,sell,0
33,rnd_trader_4,,sell,1
33,rnd_trader_3,,sell,1
33,saver_11,967.5683830371368,buy,0
33,saver_18,1103.4213808586474,sell,0
33,saver_6,985.9171196183354,buy,0
33,saver_22,1013.8502179916189,sell,0
33,saver_2,1087.654046224929,buy,0
33,saver_1,1028.1497651586685,buy,0
33,saver_7,1058.5402179916189,buy,0
33,saver_9,1088.2606472552036,buy,0
33,saver_23,995.8653118157148,sell,0
33,saver_20,1084.0902179916188,sell,0
33,saver_3,1086.270217991619,buy,0
33,saver_12,920.6483361145943,buy,0
33,saver_4,965.3906472552036,buy,0
33,saver_17,1029.7182252985187,sell,0
33,saver_10,983.4674136317867,buy,0
33,saver_5,999.2940462249293,buy,0
33,rnd_trader_1,,buy,1
33,rnd_trader_2,,sell,1
33,rnd_trader_5,,sell,1
33,saver_16,1060.2540462249294,buy,0
33,saver_8,976.9953118157149,buy,0
33,saver_15,966.2488915377087,buy,0
33,saver_0,961.6281599779368,buy,0
33,saver_21,931.7550006065057,sell,0
33,rnd_trader_0,,buy,1
33,saver_14,1047.2197651586687,buy,0
33,saver_13,979.9306472552034,buy,0
34,saver_19,1039.1253118157151,sell,0
34,rnd_trader_4,,sell,1
34,rnd_trader_3,,sell,1
34,saver_11,967.5683830371368,buy,0
34,saver_18,1103.4213808586474,sell,0
34,saver_6,985.9171196183354,buy,0
34,saver_22,1013.8502179916189,sell,0
34,saver_2,1087.654046224929,buy,0
34,saver_1,1028.1497651586685,buy,0
34,saver_7,1058.5402179916189,buy,0
34,saver_9,1102.3087741844515,buy,5
34,saver_23,995.8653118157148,sell,0
34,saver_20,1084.0902179916188,sell,0
34,saver_3,1086.270217991619,buy,0
34,saver_12,920.6483361145943,buy,0
34,saver_4,979.4387741844515,buy,5
34,saver_17,1029.7182252985187,sell,0
34,saver_10,983.4674136317867,buy,0
34,saver_5,999.2940462249293,buy,0
34,rnd_trader_1,,buy,1
34,rnd_trader_2,,buy,1
34,rnd_trader_5,,buy,1
34,saver_16,1060.2540462249294,buy,0
34,saver_8,976.9953118157149,buy,0
34,saver_15,966.2488915377087,buy,0
34,saver_0,961.6281599779368,buy,0
34,saver_21,931.7550006065057,sell,0
34,rnd_trader_0,,buy,1
34,saver_14,1047.2197651586687,buy,0
34,saver_13,993.9787741844515,buy,5
35,saver_19,1039.1253118157151,sell,0
35,rnd_trader_4,,buy,1
35,rnd_trader_3,,buy,1
35,saver_11,967.5683830371368,buy,0
35,saver_18,1103.4213808586474,sell,0
35,saver_6,985.9171196183354,buy,0
35,saver_22,1013.8502179916189,sell,0
35,saver_2,1087.654046224929,buy,0
35,saver_1,1028.1497651586685,buy,0
35,saver_7,1058.5402179916189,buy,0
35,saver_9,1102.3087741844515,buy,0
35,saver_23,995.8653118157148,sell,0
35,saver_20,1084.0902179916188,sell,0
35,saver_3,1086.270217991619,buy,0
35,saver_12,920.6483361145943,buy,0
35,saver_4,979.4387741844515,buy,0
35,saver_17,1029.7182252985187,sell,0
35,saver_10,983.4674136317867,buy,0
35,saver_5,999.2940462249293,buy,0
35,rnd_trader_1,,sell,1
35,rnd_trader_2,,buy,1
35,rnd_trader_5,,sell,1
35,saver_16,1060.2540462249294,buy,0
35,saver_8,976.9953118157149,buy,0
35,saver_15,966.2488915377087,buy,0
35,saver_0,961.6281599779368,buy,0
35,saver_21,931.7550006065057,sell,0
35,rnd_trader_0,,sell,1
35,saver_14,1047.2197651586687,buy,0
35,saver_13,993.9787741844515,buy,0
36,saver_19,1039.1253118157151,sell,0
36,rnd_trader_4,,sell,1
36,rnd_trader_3,,sell,1
36,saver_11,967.5683830371368,buy,0
36,saver_18,1103.4213808586474,sell,0
36,saver_6,985.9171196183354,buy,0
36,saver_22,1013.8502179916189,sell,0
36,saver_2,1087.654046224929,buy,0
36,saver_1,1028.1497651586685,buy,0
36,saver_7,1058.5402179916189,buy,0
36,saver_9,1102.3087741844515,buy,0
36,saver_23,995.8653118157148,sell,0
36,saver_20,1084.0902179916188,sell,0
36,saver_3,1086.270217991619,buy,0
36,saver_12,920.6483361145943,buy,0
36,saver_4,979.4387741844515,buy,0
36,saver_17,1029.7182252985187,sell,0
36,saver_10,983.4674136317867,buy,0
36,saver_5,999.2940462249293,buy,0
36,rnd_trader_1,,sell,1
36,rnd_trader_2,,sell,1
36,rnd_trader_5,,buy,1
36,saver_16,1060.2540462249294,buy,0
36,saver_8,976.9953118157149,buy,0
36,saver_15,966.2488915377087,buy,0
36,saver_0,961.6281599779368,buy,0
36,saver_21,931.7550006065057,sell,0
36,rnd_trader_0,,sell,1
36,saver_14,1047.2197651586687,buy,0
36,saver_13,993.9787741844515,buy,0
37,saver_19,1039.1253118157151,sell,0
37,rnd_trader_4,,buy,1
37,rnd_trader_3,,sell,1
37,saver_11,967.5683830371368,buy,0
37,saver_18,1103.4213808586474,sell,0
37,saver_6,989.3759757852667,buy,5
37,saver_22,1013.8502179916189,sell,0
37,saver_2,1087.654046224929,buy,0
37,saver_1,1028.1497651586685,buy,0
37,saver_7,1058.5402179916189,buy,0
37,saver_9,1102.3087741844515,buy,0
37,saver_23,995.8653118157148,sell,0
37,saver_20,1084.0902179916188,sell,0
37,saver_3,1086.270217991619,buy,0
37,saver_12,920.6483361145943,buy,0
37,saver_4,979.4387741844515,buy,0
37,saver_17,1029.7182252985187,sell,0
37,saver_10,983.4674136317867,buy,0
37,saver_5,999.2940462249293,buy,0
37,rnd_trader_1,,sell,1
37,rnd_trader_2,,buy,1
37,rnd_trader_5,,buy,1
37,saver_16,1060.2540462249294,buy,0
37,saver_8,976.9953118157149,buy,0
37,saver_15,966.2488915377087,buy,0
37,saver_0,961.6281599779368,buy,0
37,saver_21,931.7550006065057,sell,0
37,rnd_trader_0,,buy,1
37,saver_14,1047.2197651586687,buy,0
37,saver_13,993.9787741844515,buy,0
38,saver_19,1039.1253118157151,sell,0
38,rnd_trader_4,,buy,1
38,rnd_trader_3,,sell,1
38,saver_11,967.5683830371368,buy,0
38,saver_18,1103.4213808586474,sell,0
38,saver_6,989.3759757852667,buy,0
38,saver_22,1010.5511940902356,sell,5
38,saver_2,1087.654046224929,buy,0
38,saver_1,1028.1497651586685,buy,0
38,saver_7,1055.2411940902355,buy,5
38,saver_9,1102.3087741844515,buy,0
38,saver_23,995.8653118157148,sell,0
38,saver_20,1080.7911940902354,sell,5
38,saver_3,1082.9711940902355,buy,5
38,saver_12,920.6483361145943,buy,0
38,saver_4,979.4387741844515,buy,0
38,saver_17,1029.7182252985187,sell,0
38,saver_10,983.4674136317867,buy,0
38,saver_5,999.2940462249293,buy,0
38,rnd_trader_1,,sell,1
38,rnd_trader_2,,sell,1
38,rnd_trader_5,,buy,1
38,saver_16,1060.2540462249294,buy,0
38,saver_8,976.9953118157149,buy,0
38,saver_15,966.2488915377087,buy,0
38,saver_0,961.6281599779368,buy,0
38,saver_21,931.7550006065057,sell,0
38,rnd_trader_0,,sell,1
38,saver_14,1047.2197651586687,buy,0
38,saver_13,993.9787741844515,buy,0
39,saver_19,1039.1253118157151,sell,0
39,rnd_trader_4,,buy,1
39,rnd_trader_3,,sell,1
39,saver_11,967.5683830371368,buy,0
39,saver_18,1103.4213808586474,sell,0
39,saver_6,989.3759757852667,buy,0
39,saver_22,1010.5511940902356,sell,0
39,saver_2,1087.654046224929,buy,0
39,saver_1,1028.1497651586685,buy,0
39,saver_7,1055.2411940902355,buy,0
39,saver_9,1102.3087741844515,buy,0
39,saver_23,995.8653118157148,sell,0
39,saver_20,1080.7911940902354,sell,0
39,saver_3,1082.9711940902355,buy,0
39,saver_12,920.6483361145943,buy,0
39,saver_4,979.4387741844515,buy,0
39,saver_17,1029.7182252985187,sell,0
39,saver_10,982.234370208431,buy,5
39,saver_5,999.2940462249293,buy,0
39,rnd_trader_1,,sell,1
39,rnd_trader_2,,buy,1
39,rnd_trader_5,,buy,1
39,saver_16,1060.2540462249294,buy,0
39,saver_8,976.9953118157149,buy,0
39,saver_15,966.2488915377087,buy,0
39,saver_0,961.6281599779368,buy,0
39,saver_21,931.7550006065057,sell,0
39,rnd_trader_0,,buy,1
39,saver_14,1047.2197651586687,buy,0
39,saver_13,993.9787741844515,buy,0
40,saver_19,1039.1253118157151,sell,0
40,rnd_trader_4,,sell,1
40,rnd_trader_3,,buy,1
40,saver_11,967.5683830371368,buy,0
40,saver_18,1095.1020243956566,sell,5
40,saver_6,989.3759757852667,buy,0
40,saver_22,1010.5511940902356,sell,0
40,saver_2,1087.654046224929,buy,0
40,saver_1,1028.1497651586685,buy,0
40,saver_7,1055.2411940902355,buy,0
40,saver_9,1102.3087741844515,buy,0
40,saver_23,995.8653118157148,sell,0
40,saver_20,1080.7911940902354,sell,0
40,saver_3,1082.9711940902355,buy,0
40,saver_12,920.6483361145943,buy,0
40,saver_4,979.4387741844515,buy,0
40,saver_17,1029.7182252985187,sell,0
40,saver_10,982.234370208431,buy,0
40,saver_5,999.2940462249293,buy,0
40,rnd_trader_1,,buy,1
40,rnd_trader_2,,sell,1
40,rnd_trader_5,,sell,1
40,saver_16,1060.2540462249294,buy,0
40,saver_8,976.9953118157149,buy,0
40,saver_15,966.2488915377087,buy,0
40,saver_0,961.6281599779368,buy,0
40,saver_21,931.7550006065057,sell,0
40,rnd_trader_0,,buy,1
40,saver_14,1047.2197651586687,buy,0
40,saver_13,993.9787741844515,buy,0
41,saver_19,1036.221923175874,sell,5
41,rnd_trader_4,,sell,1
41,rnd_trader_3,,sell,1
41,saver_11,967.5683830371368,buy,0
41,saver_18,1095.1020243956566,sell,0
41,saver_6,989.3759757852667,buy,0
41,saver_22,1010.5511940902356,sell,0
41,saver_2,1087.654046224929,buy,0
41,saver_1,1028.1497651586685,buy,0
41,saver_7,1055.2411940902355,buy,0
41,saver_9,1102.3087741844515,buy,0
41,saver_23,992.9619231758737,sell,5
41,saver_20,1080.7911940902354,sell,0
41,saver_3,1082.9711940902355,buy,0
41,saver_12,920.6483361145943,buy,0
41,saver_4,979.4387741844515,buy,0
41,saver_17,1029.7182252985187,sell,0
41,saver_10,982.234370208431,buy,0
41,saver_5,999.2940462249293,buy,0
41,rnd_trader_1,,buy,1
41,rnd_trader_2,,buy,1
41,rnd_trader_5,,buy,1
41,saver_16,1060.2540462249294,buy,0
41,saver_8,974.0919231758738,buy,5
41,saver_15,966.2488915377087,buy,0
41,saver_0,961.6281599779368,buy,0
41,saver_21,931.7550006065057,sell,0
41,rnd_trader_0,,sell,1
41,saver_14,1047.2197651586687,buy,0
41,saver_13,993.9787741844515,buy,0
42,saver_19,1036.221923175874,sell,0
42,rnd_trader_4,,buy,1
42,rnd_trader_3,,buy,1
42,saver_11,967.5683830371368,buy,0
42,saver_18,1095.1020243956566,sell,0
42,saver_6,989.3759757852667,buy,0
42,saver_22,1010.5511940902356,sell,0
42,saver_2,1089.89582701708,buy,5
42,saver_1,1028.1497651586685,buy,0
42,saver_7,1055.2411940902355,buy,0
42,saver_9,1102.3087741844515,buy,0
42,saver_23,992.9619231758737,sell,0
42,saver_20,1080.7911940902354,sell,0
42,saver_3,1082.9711940902355,buy,0
42,saver_12,920.6483361145943,buy,0
42,saver_4,979.4387741844515,buy,0
42,saver_17,1029.7182252985187,sell,0
42,saver_10,982.234370208431,buy,0
42,saver_5,1001.5358270170804,buy,5
42,rnd_trader_1,,buy,1
42,rnd_trader_2,,sell,1
42,rnd_trader_5,,sell,1
42,saver_16,1062.4958270170803,buy,5
42,saver_8,974.0919231758738,buy,0
42,saver_15,966.2488915377087,buy,0
42,saver_0,961.6281599779368,buy,0
42,saver_21,931.7550006065057,sell,0
42,rnd_trader_0,,buy,1
42,saver_14,1047.2197651586687,buy,0
42,saver_13,993.9787741844515,buy,0
43,saver_19,1036.221923175874,sell,0
43,rnd_trader_4,,buy,1
43,rnd_trader_3,,sell,1
43,saver_11,967.5683830371368,buy,0
43,saver_18,1095.1020243956566,sell,0
43,saver_6,989.3759757852667,buy,0
43,saver_22,1010.5511940902356,sell,0
43,saver_2,1089.89582701708,buy,0
43,saver_1,1028.1497651586685,buy,0
43,saver_7,1055.2411940902355,buy,0
43,saver_9,1102.3087741844515,buy,0
43,saver_23,992.9619231758737,sell,0
43,saver_20,1080.7911940902354,sell,0
43,saver_3,1082.9711940902355,buy,0
43,saver_12,920.6483361145943,buy,0
43,saver_4,979.4387741844515,buy,0
43,saver_17,1029.7182252985187,sell,0
43,saver_10,982.234370208431,buy,0
43,saver_5,1001.5358270170804,buy,0
43,rnd_trader_1,,sell,1
43,rnd_trader_2,,buy,1
43,rnd_trader_5,,sell,1
43,saver_16,1062.4958270170803,buy,0
43,saver_8,974.0919231758738,buy,0
43,saver_15,966.2488915377087,buy,0
43,saver_0,961.6281599779368,buy,0
43,saver_21,931.7550006065057,sell,0
43,rnd_trader_0,,sell,1
43,saver_14,1047.2197651586687,buy,0
43,saver_13,993.9787741844515,buy,0
44,saver_19,1036.221923175874,sell,0
44,rnd_trader_4,,sell,1
44,rnd_trader_3,,sell,1
44,saver_11,967.5683830371368,buy,0
44,saver_18,1095.1020243956566,sell,0
44,saver_6,989.3759757852667,buy,0
44,saver_22,1010.5511940902356,sell,0
44,saver_2,1089.89582701708,buy,0
44,saver_1,1016.0601910149487,buy,5
44,saver_7,1055.2411940902355,buy,0
44,saver_9,1102.3087741844515,buy,0
44,saver_23,992.9619231758737,sell,0
44,saver_20,1080.7911940902354,sell,0
44,saver_3,1082.9711940902355,buy,0
44,saver_12,920.6483361145943,buy,0
44,saver_4,979.4387741844515,buy,0
44,saver_17,1029.7182252985187,sell,0
44,saver_10,982.234370208431,buy,0
44,saver_5,1001.5358270170804,buy,0
44,rnd_trader_1,,sell,1
44,rnd_trader_2,,buy,1
44,rnd_trader_5,,buy,1
44,saver_16,1062.4958270170803,buy,0
44,saver_8,974.0919231758738,buy,0
44,saver_15,966.2488915377087,buy,0
44,saver_0,961.6281599779368,buy,0
44,saver_21,931.7550006065057,sell,0
44,rnd_trader_0,,sell,1
44,saver_14,1035.1301910149489,buy,5
44,saver_13,993.9787741844515,buy,0
45,saver_19,1036.221923175874,sell,0
45,rnd_trader_4,,buy,1
45,rnd_trader_3,,buy,1
45,saver_11,967.5683830371368,buy,0
45,saver_18,1095.1020243956566,sell,0
45,saver_6,989.3759757852667,buy,0
45,saver_22,1010.5511940902356,sell,0
45,saver_2,1089.89582701708,buy,0
45,saver_1,1016.0601910149487,buy,0
45,saver_7,1055.2411940902355,buy,0
45,saver_9,1102.3087741844515,buy,0
45,saver_23,992.9619231758737,sell,0
45,saver_20,1080.7911940902354,sell,0
45,saver_3,1082.9711940902355,buy,0
45,saver_12,920.6483361145943,buy,0
45,saver_4,979.4387741844515,buy,0
45,saver_17,1029.7182252985187,sell,0
45,saver_10,982.234370208431,buy,0
45,saver_5,1001.5358270170804,buy,0
45,rnd_trader_1,,buy,1
45,rnd_trader_2,,sell,1
45,rnd_trader_5,,sell,1
45,saver_16,1062.4958270170803,buy,0
45,saver_8,974.0919231758738,buy,0
45,saver_15,945.1921514624913,buy,5
45,saver_0,961.6281599779368,buy,0
45,saver_21,931.7550006065057,sell,0
45,rnd_trader_0,,buy,1
45,saver_14,1035.1301910149489,buy,0
45,saver_13,993.9787741844515,buy,0
46,saver_19,1036.221923175874,sell,0
46,rnd_trader_4,,sell,1
46,rnd_trader_3,,sell,1
46,saver_11,967.5683830371368,buy,0
46,saver_18,1095.1020243956566,sell,0
46,saver_6,989.3759757852667,buy,0
46,saver_22,1010.5511940902356,sell,0
46,saver_2,1089.89582701708,buy,0
46,saver_1,1016.0601910149487,buy,0
46,saver_7,1055.2411940902355,buy,0
46,saver_9,1102.3087741844515,buy,0
46,saver_23,992.9619231758737,sell,0
46,saver_20,1080.7911940902354,sell,0
46,saver_3,1082.9711940902355,buy,0
46,saver_12,891.1176242341116,buy,5
46,saver_4,979.4387741844515,buy,0
46,saver_17,1029.7182252985187,sell,0
46,saver_10,982.234370208431,buy,0
46,saver_5,1001.5358270170804,buy,0
46,rnd_trader_1,,buy,1
46,rnd_trader_2,,buy,1
46,rnd_trader_5,,sell,1
46,saver_16,1062.4958270170803,buy,0
46,saver_8,974.0919231758738,buy,0
46,saver_15,945.1921514624913,buy,0
46,saver_0,961.6281599779368,buy,0
46,saver_21,931.7550006065057,sell,0
46,rnd_trader_0,,buy,1
46,saver_14,1035.1301910149489,buy,0
46,saver_13,993.9787741844515,buy,0
47,saver_19,1036.221923175874,sell,0
47,rnd_trader_4,,buy,1
47,rnd_trader_3,,buy,1
47,saver_11,967.5683830371368,buy,0
47,saver_18,1095.1020243956566,sell,0
47,saver_6,989.3759757852667,buy,0
47,saver_22,1010.5511940902356,sell,0
47,saver_2,1089.89582701708,buy,0
47,saver_1,1016.0601910149487,buy,0
47,saver_7,1055.2411940902355,buy,0
47,saver_9,1102.3087741844515,buy,0
47,saver_23,992.9619231758737,sell,0
47,saver_20,1080.7911940902354,sell,0
47,saver_3,1082.9711940902355,buy,0
47,saver_12,891.1176242341116,buy,0
47,saver_4,979.4387741844515,buy,0
47,saver_17,1029.7182252985187,sell,0
47,saver_10,982.234370208431,buy,0
47,saver_5,1001.5358270170804,buy,0
47,rnd_trader_1,,buy,1
47,rnd_trader_2,,sell,1
47,rnd_trader_5,,buy,1
47,saver_16,1062.4958270170803,buy,0
47,saver_8,974.0919231758738,buy,0
47,saver_15,945.1921514624913,buy,0
47,saver_0,961.6281599779368,buy,0
47,saver_21,931.7550006065057,sell,0
47,rnd_trader_0,,sell,1
47,saver_14,1035.1301910149489,buy,0
47,saver_13,993.9787741844515,buy,0
48,saver_19,1036.221923175874,sell,0
48,rnd_trader_4,,sell,1
48,rnd_trader_3,,buy,1
48,saver_11,928.8409906131399,buy,5
48,saver_18,1095.1020243956566,sell,0
48,saver_6,989.3759757852667,buy,0
48,saver_22,1010.5511940902356,sell,0
48,saver_2,1089.89582701708,buy,0
48,saver_1,1016.0601910149487,buy,0
48,saver_7,1055.2411940902355,buy,0
48,saver_9,1102.3087741844515,buy,0
48,saver_23,992.9619231758737,sell,0
48,saver_20,1080.7911940902354,sell,0
48,saver_3,1082.9711940902355,buy,0
48,saver_12,891.1176242341116,buy,0
48,saver_4,979.4387741844515,buy,0
48,saver_17,1029.7182252985187,sell,0
48,saver_10,982.234370208431,buy,0
48,saver_5,1001.5358270170804,buy,0
48,rnd_trader_1,,sell,1
48,rnd_trader_2,,buy,1
48,rnd_trader_5,,buy,1
48,saver_16,1062.4958270170803,buy,0
48,saver_8,974.0919231758738,buy,0
48,saver_15,945.1921514624913,buy,0
48,saver_0,922.9007675539399,buy,5
48,saver_21,931.7550006065057,sell,0
48,rnd_trader_0,,buy,1
48,saver_14,1035.1301910149489,buy,0
48,saver_13,993.9787741844515,buy,0
49,saver_19,1036.221923175874,sell,0
49,rnd_trader_4,,sell,1
49,rnd_trader_3,,buy,1
49,saver_11,928.8409906131399,buy,0
49,saver_18,1095.1020243956566,sell,0
49,saver_6,989.3759757852667,buy,0
49,saver_22,1010.5511940902356,sell,0
49,saver_2,1089.89582701708,buy,0
49,saver_1,1016.0601910149487,buy,0
49,saver_7,1055.2411940902355,buy,0
49,saver_9,1102.3087741844515,buy,0
49,saver_23,992.9619231758737,sell,0
49,saver_20,1080.7911940902354,sell,0
49,saver_3,1082.9711940902355,buy,0
49,saver_12,891.1176242341116,buy,0
49,saver_4,979.4387741844515,buy,0
49,saver_17,1029.7182252985187,sell,0
49,saver_10,982.234370208431,buy,0
49,saver_5,1001.5358270170804,buy,0
49,rnd_trader_1,,sell,1
49,rnd_trader_2,,sell,1
49,rnd_trader_5,,sell,1
49,saver_16,1062.4958270170803,buy,0
49,saver_8,974.0919231758738,buy,0
49,saver_15,945.1921514624913,buy,0
49,saver_0,922.9007675539399,buy,0
49,saver_21,931.7550006065057,sell,0
49,rnd_trader_0,,buy,1
49,saver_14,1035.1301910149489,buy,0
49,saver_13,993.9787741844515,buy,0
50,saver_19,1036.221923175874,sell,0
50,rnd_trader_4,,buy,1
50,rnd_trader_3,,sell,1
50,saver_11,928.8409906131399,buy,0
50,saver_18,1095.1020243956566,sell,0
50,saver_6,989.3759757852667,buy,0
50,saver_22,1010.5511940902356,sell,0
50,saver_2,1089.89582701708,buy,0
50,saver_1,1016.0601910149487,buy,0
50,saver_7,1055.2411940902355,buy,0
50,saver_9,1102.3087741844515,buy,0
50,saver_23,992.9619231758737,sell,0
50,saver_20,1080.7911940902354,sell,0
50,saver_3,1082.9711940902355,buy,0
50,saver_12,891.1176242341116,buy,0
50,saver_4,979.4387741844515,buy,0
50,saver_17,1029.7182252985187,sell,0
50,saver_10,982.234370208431,buy,0
50,saver_5,1001.5358270170804,buy,0
50,rnd_trader_1,,buy,1
50,rnd_trader_2,,sell,1
50,rnd_trader_5,,sell,1
50,saver_16,1062.4958270170803,buy,0
50,saver_8,974.0919231758738,buy,0
50,saver_15,945.1921514624913,buy,0
50,saver_0,922.9007675539399,buy,0
50,saver_21,879.4878146819268,sell,5
50,rnd_trader_0,,buy,1
50,saver_14,1035.1301910149489,buy,0
50,saver_13,993.9787741844515,buy,0
51,saver_19,1036.221923175874,sell,0
51,rnd_trader_4,,sell,1
51,rnd_trader_3,,buy,1
51,saver_11,928.8409906131399,buy,0
51,saver_18,1095.1020243956566,sell,0
51,saver_6,989.3759757852667,buy,0
51,saver_22,1010.5511940902356,sell,0
51,saver_2,1089.89582701708,buy,0
51,saver_1,1016.0601910149487,buy,0
51,saver_7,1055.2411940902355,buy,0
51,saver_9,1102.3087741844515,buy,0
51,saver_23,992.9619231758737,sell,0
51,saver_20,1080.7911940902354,sell,0
51,saver_3,1082.9711940902355,buy,0
51,saver_12,891.1176242341116,buy,0
51,saver_4,979.4387741844515,buy,0
51,saver_17,985.0643986701688,sell,5
51,saver_10,982.234370208431,buy,0
51,saver_5,1001.5358270170804,buy,0
51,rnd_trader_1,,sell,1
51,rnd_trader_2,,buy,1
51,rnd_trader_5,,sell,1
51,saver_16,1062.4958270170803,buy,0
51,saver_8,974.0919231758738,buy,0
51,saver_15,945.1921514624913,buy,0
51,saver_0,922.9007675539399,buy,0
51,saver_21,879.4878146819268,sell,0
51,rnd_trader_0,,buy,1
51,saver_14,1035.1301910149489,buy,0
51,saver_13,993.9787741844515,buy,0
52,saver_19,1036.221923175874,sell,0
52,rnd_trader_4,,sell,1
52,rnd_trader_3,,buy,1
52,saver_11,928.8409906131399,buy,0
52,saver_18,1095.1020243956566,sell,0
52,saver_6,989.3759757852667,buy,0
52,saver_22,1010.5511940902356,sell,0
52,saver_2,1089.89582701708,buy,0
52,saver_1,1016.0601910149487,buy,0
52,saver_7,1055.2411940902355,buy,0
52,saver_9,1102.3087741844515,buy,0
52,saver_23,992.9619231758737,sell,0
52,saver_20,1080.7911940902354,sell,0
52,saver_3,1082.9711940902355,buy,0
52,saver_12,891.1176242341116,buy,0
52,saver_4,979.4387741844515,buy,0
52,saver_17,985.0643986701688,sell,0
52,saver_10,982.234370208431,buy,0
52,saver_5,1001.5358270170804,buy,0
52,rnd_trader_1,,buy,1
52,rnd_trader_2,,buy,1
52,rnd_trader_5,,sell,1
52,saver_16,1062.4958270170803,buy,0
52,saver_8,974.0919231758738,buy,0
52,saver_15,945.1921514624913,buy,0
52,saver_0,922.9007675539399,buy,0
52,saver_21,879.4878146819268,sell,0
52,rnd_trader_0,,sell,1
52,saver_14,1035.1301910149489,buy,0
52,saver_13,993.9787741844515,buy,0
53,saver_19,1036.221923175874,sell,0
53,rnd_trader_4,,sell,1
53,rnd_trader_3,,sell,1
53,saver_11,928.8409906131399,buy,0
53,saver_18,1095.1020243956566,sell,0
53,saver_6,989.3759757852667,buy,0
53,saver_22,1010.5511940902356,sell,0
53,saver_2,1089.89582701708,buy,0
53,saver_1,1016.0601910149487,buy,0
53,saver_7,1055.2411940902355,buy,0
53,saver_9,1064.8876388875192,buy,5
53,saver_23,992.9619231758737,sell,0
53,saver_20,1080.7911940902354,sell,0
53,saver_3,1082.9711940902355,buy,0
53,saver_12,891.1176242341116,buy,0
53,saver_4,942.0176388875192,buy,5
53,saver_17,985.0643986701688,sell,0
53,saver_10,982.234370208431,buy,0
53,saver_5,1001.5358270170804,buy,0
53,rnd_trader_1,,sell,1
53,rnd_trader_2,,buy,1
53,rnd_trader_5,,buy,1
53,saver_16,1062.4958270170803,buy,0
53,saver_8,974.0919231758738,buy,0
53,saver_15,945.1921514624913,buy,0
53,saver_0,922.9007675539399,buy,0
53,saver_21,879.4878146819268,sell,0
53,rnd_trader_0,,sell,1
53,saver_14,1035.1301910149489,buy,0
53,saver_13,956.5576388875191,buy,5
54,saver_19,1036.221923175874,sell,0
54,rnd_trader_4,,sell,1
54,rnd_trader_3,,sell,1
54,saver_11,928.8409906131399,buy,0
54,saver_18,1095.1020243956566,sell,0
54,saver_6,989.3759757852667,buy,0
54,saver_22,1010.5511940902356,sell,0
54,saver_2,1089.89582701708,buy,0
54,saver_1,1016.0601910149487,buy,0
54,saver_7,1055.2411940902355,buy,0
54,saver_9,1064.8876388875192,buy,0
54,saver_23,992.9619231758737,sell,0
54,saver_20,1080.7911940902354,sell,0
54,saver_3,1082.9711940902355,buy,0
54,saver_12,891.1176242341116,buy,0
54,saver_4,942.0176388875192,buy,0
54,saver_17,985.0643986701688,sell,0
54,saver_10,982.234370208431,buy,0
54,saver_5,1001.5358270170804,buy,0
54,rnd_trader_1,,sell,1
54,rnd_trader_2,,buy,1
54,rnd_trader_5,,sell,1
54,saver_16,1062.4958270170803,buy,0
54,saver_8,974.0919231758738,buy,0
54,saver_15,945.1921514624913,buy,0
54,saver_0,922.9007675539399,buy,0
54,saver_21,879.4878146819268,sell,0
54,rnd_trader_0,,sell,1
54,saver_14,1035.1301910149489,buy,0
54,saver_13,956.5576388875191,buy,0
55,saver_19,1036.221923175874,sell,0
55,rnd_trader_4,,sell,1
55,rnd_trader_3,,buy,1
55,saver_11,928.8409906131399,buy,0
55,saver_18,1095.1020243956566,sell,0
55,saver_6,989.3759757852667,buy,0
55,saver_22,1010.5511940902356,sell,0
55,saver_2,1089.89582701708,buy,0
55,saver_1,1016.0601910149487,buy,0
55,saver_7,1055.2411940902355,buy,0
55,saver_9,1064.8876388875192,buy,0
55,saver_23,992.9619231758737,sell,0
55,saver_20,1080.7911940902354,sell,0
55,saver_3,1082.9711940902355,buy,0
55,saver_12,891.1176242341116,buy,0
55,saver_4,942.0176388875192,buy,0
55,saver_17,985.0643986701688,sell,0
55,saver_10,982.234370208431,buy,0
55,saver_5,1001.5358270170804,buy,0
55,rnd_trader_1,,sell,1
55,rnd_trader_2,,sell,1
55,rnd_trader_5,,buy,1
55,saver_16,1062.4958270170803,buy,0
55,saver_8,974.0919231758738,buy,0
55,saver_15,945.1921514624913,buy,0
55,saver_0,922.9007675539399,buy,0
55,saver_21,879.4878146819268,sell,0
55,rnd_trader_0,,sell,1
55,saver_14,1035.1301910149489,buy,0
55,saver_13,956.5576388875191,buy,0
56,saver_19,1036.221923175874,sell,0
56,rnd_trader_4,,buy,1
56,rnd_trader_3,,sell,1
56,saver_11,928.8409906131399,buy,0
56,saver_18,1095.1020243956566,sell,0
56,saver_6,943.2830171665566,buy,5
56,saver_22,1010.5511940902356,sell,0
56,saver_2,1089.89582701708,buy,0
56,saver_1,1016.0601910149487,buy,0
56,saver_7,1055.2411940902355,buy,0
56,saver_9,1064.8876388875192,buy,0
56,saver_23,992.9619231758737,sell,0
56,saver_20,1080.7911940902354,sell,0
56,saver_3,1082.9711940902355,buy,0
56,saver_12,891.1176242341116,buy,0
56,saver_4,942.0176388875192,buy,0
56,saver_17,985.0643986701688,sell,0
56,saver_10,982.234370208431,buy,0
56,saver_5,1001.5358270170804,buy,0
56,rnd_trader_1,,buy,1
56,rnd_trader_2,,sell,1
56,rnd_trader_5,,buy,1
56,saver_16,1062.4958270170803,buy,0
56,saver_8,974.0919231758738,buy,0
56,saver_15,945.1921514624913,buy,0
56,saver_0,922.9007675539399,buy,0
56,saver_21,879.4878146819268,sell,0
56,rnd_trader_0,,sell,1
56,saver_14,1035.1301910149489,buy,0
56,saver_13,956.5576388875191,buy,0
57,saver_19,1036.221923175874,sell,0
57,rnd_trader_4,,buy,1
57,rnd_trader_3,,buy,1
57,saver_11,928.8409906131399,buy,0
57,saver_18,1095.1020243956566,sell,0
57,saver_6,943.2830171665566,buy,0
57,saver_22,957.15358754059,sell,5
57,saver_2,1089.89582701708,buy,0
57,saver_1,1016.0601910149487,buy,0
57,saver_7,1001.8435875405899,buy,5
57,saver_9,1064.8876388875192,buy,0
57,saver_23,992.9619231758737,sell,0
57,saver_20,1027.3935875405898,sell,5
57,saver_3,1029.5735875405899,buy,5
57,saver_12,891.1176242341116,buy,0
57,saver_4,942.0176388875192,buy,0
57,saver_17,985.0643986701688,sell,0
57,saver_10,982.234370208431,buy,0
57,saver_5,1001.5358270170804,buy,0
57,rnd_trader_1,,sell,1
57,rnd_trader_2,,sell,1
57,rnd_trader_5,,buy,1
57,saver_16,1062.4958270170803,buy,0
57,saver_8,974.0919231758738,buy,0
57,saver_15,945.1921514624913,buy,0
57,saver_0,922.9007675539399,buy,0
57,saver_21,879.4878146819268,sell,0
57,rnd_trader_0,,buy,1
57,saver_14,1035.1301910149489,buy,0
57,saver_13,956.5576388875191,buy,0
58,saver_19,1036.221923175874,sell,0
58,rnd_trader_4,,sell,1
58,rnd_trader_3,,sell,1
58,saver_11,928.8409906131399,buy,0
58,saver_18,1095.1020243956566,sell,0
58,saver_6,943.2830171665566,buy,0
58,saver_22,957.15358754059,sell,0
58,saver_2,1089.89582701708,buy,0
58,saver_1,1016.0601910149487,buy,0
58,saver_7,1001.8435875405899,buy,0
58,saver_9,1064.8876388875192,buy,0
58,saver_23,992.9619231758737,sell,0
58,saver_20,1027.3935875405898,sell,0
58,saver_3,1029.5735875405899,buy,0
58,saver_12,891.1176242341116,buy,0
58,saver_4,942.0176388875192,buy,0
58,saver_17,985.0643986701688,sell,0
58,saver_10,925.7688115277924,buy,5
58,saver_5,1001.5358270170804,buy,0
58,rnd_trader_1,,sell,1
58,rnd_trader_2,,sell,1
58,rnd_trader_5,,sell,1
58,saver_16,1062.4958270170803,buy,0
58,saver_8,974.0919231758738,buy,0
58,saver_15,945.1921514624913,buy,0
58,saver_0,922.9007675539399,buy,0
58,saver_21,879.4878146819268,sell,0
58,rnd_trader_0,,sell,1
58,saver_14,1035.1301910149489,buy,0
58,saver_13,956.5576388875191,buy,0
59,saver_19,1036.221923175874,sell,0
59,rnd_trader_4,,buy,1
59,rnd_trader_3,,sell,1
59,saver_11,928.8409906131399,buy,0
59,saver_18,1040.2011213018245,sell,5
59,saver_6,943.2830171665566,buy,0
59,saver_22,957.15358754059,sell,0
59,saver_2,1089.89582701708,buy,0
59,saver_1,1016.0601910149487,buy,0
59,saver_7,1001.8435875405899,buy,0
59,saver_9,1064.8876388875192,buy,0
59,saver_23,992.9619231758737,sell,0
59,saver_20,1027.3935875405898,sell,0
59,saver_3,1029.5735875405899,buy,0
59,saver_12,891.1176242341116,buy,0
59,saver_4,942.0176388875192,buy,0
59,saver_17,985.0643986701688,sell,0
59,saver_10,925.7688115277924,buy,0
59,saver_5,1001.5358270170804,buy,0
59,rnd_trader_1,,sell,1
59,rnd_trader_2,,buy,1
59,rnd_trader_5,,sell,1
59,saver_16,1062.4958270170803,buy,0
59,saver_8,974.0919231758738,buy,0
59,saver_15,945.1921514624913,buy,0
59,saver_0,922.9007675539399,buy,0
59,saver_21,879.4878146819268,sell,0
59,rnd_trader_0,,buy,1
59,saver_14,1035.1301910149489,buy,0
59,saver_13,956.5576388875191,buy,0
60,saver_19,989.0660652367336,sell,5
60,rnd_trader_4,,buy,1
60,rnd_trader_3,,sell,1
60,saver_11,928.8409906131399,buy,0
60,saver_18,1040.2011213018245,sell,0
60,saver_6,943.2830171665566,buy,0
60,saver_22,957.15358754059,sell,0
60,saver_2,1089.89582701708,buy,0
60,saver_1,1016.0601910149487,buy,0
60,saver_7,1001.8435875405899,buy,0
60,saver_9,1064.8876388875192,buy,0
60,saver_23,945.8060652367334,sell,5
60,saver_20,1027.3935875405898,sell,0
60,saver_3,1029.5735875405899,buy,0
60,saver_12,891.1176242341116,buy,0
60,saver_4,942.0176388875192,buy,0
60,saver_17,985.0643986701688,sell,0
60,saver_10,925.7688115277924,buy,0
60,saver_5,1001.5358270170804,buy,0
60,rnd_trader_1,,buy,1
60,rnd_trader_2,,buy,1
60,rnd_trader_5,,sell,1
60,saver_16,1062.4958270170803,buy,0
60,saver_8,926.9360652367335,buy,5
60,saver_15,945.1921514624913,buy,0
60,saver_0,922.9007675539399,buy,0
60,saver_21,879.4878146819268,sell,0
60,rnd_trader_0,,sell,1
60,saver_14,1035.1301910149489,buy,0
60,saver_13,956.5576388875191,buy,0
61,saver_19,989.0660652367336,sell,0
61,rnd_trader_4,,sell,1
61,rnd_trader_3,,buy,1
61,saver_11,928.8409906131399,buy,0
61,saver_18,1040.2011213018245,sell,0
61,saver_6,943.2830171665566,buy,0
61,saver_22,957.15358754059,sell,0
61,saver_2,1050.0977619748965,buy,5
61,saver_1,1016.0601910149487,buy,0
61,saver_7,1001.8435875405899,buy,0
61,saver_9,1064.8876388875192,buy,0
61,saver_23,945.8060652367334,sell,0
61,saver_20,1027.3935875405898,sell,0
61,saver_3,1029.5735875405899,buy,0
61,saver_12,891.1176242341116,buy,0
61,saver_4,942.0176388875192,buy,0
61,saver_17,985.0643986701688,sell,0
61,saver_10,925.7688115277924,buy,0
61,saver_5,961.737761974897,buy,5
61,rnd_trader_1,,sell,1
61,rnd_trader_2,,sell,1
61,rnd_trader_5,,sell,1
61,saver_16,1022.6977619748968,buy,5
61,saver_8,926.9360652367335,buy,0
61,saver_15,945.1921514624913,buy,0
61,saver_0,922.9007675539399,buy,0
61,saver_21,879.4878146819268,sell,0
61,rnd_trader_0,,buy,1
61,saver_14,1035.1301910149489,buy,0
61,saver_13,956.5576388875191,buy,0
62,saver_19,989.0660652367336,sell,0
62,rnd_trader_4,,buy,1
62,rnd_trader_3,,buy,1
62,saver_11,928.8409906131399,buy,0
62,saver_18,1040.2011213018245,sell,0
62,saver_6,943.2830171665566,buy,0
62,saver_22,957.15358754059,sell,0
62,saver_2,1050.0977619748965,buy,0
62,saver_1,1016.0601910149487,buy,0
62,saver_7,1001.8435875405899,buy,0
62,saver_9,1064.8876388875192,buy,0
62,saver_23,945.8060652367334,sell,0
62,saver_20,1027.3935875405898,sell,0
62,saver_3,1029.5735875405899,buy,0
62,saver_12,891.1176242341116,buy,0
62,saver_4,942.0176388875192,buy,0
62,saver_17,985.0643986701688,sell,0
62,saver_10,925.7688115277924,buy,0
62,saver_5,961.737761974897,buy,0
62,rnd_trader_1,,sell,1
62,rnd_trader_2,,sell,1
62,rnd_trader_5,,sell,1
62,saver_16,1022.6977619748968,buy,0
62,saver_8,926.9360652367335,buy,0
62,saver_15,945.1921514624913,buy,0
62,saver_0,922.9007675539399,buy,0
62,saver_21,879.4878146819268,sell,0
62,rnd_trader_0,,sell,1
62,saver_14,1035.1301910149489,buy,0
62,saver_13,956.5576388875191,buy,0
63,saver_19,989.0660652367336,sell,0
63,rnd_trader_4,,sell,1
63,rnd_trader_3,,buy,1
63,saver_11,928.8409906131399,buy,0
63,saver_18,1040.2011213018245,sell,0
63,saver_6,943.2830171665566,buy,0
63,saver_22,957.15358754059,sell,0
63,saver_2,1050.0977619748965,buy,0
63,saver_1,961.2478137872348,buy,5
63,saver_7,1001.8435875405899,buy,0
63,saver_9,1064.8876388875192,buy,0
63,saver_23,945.8060652367334,sell,0
63,saver_20,1027.3935875405898,sell,0
63,saver_3,1029.5735875405899,buy,0
63,saver_12,891.1176242341116,buy,0
63,saver_4,942.0176388875192,buy,0
63,saver_17,985.0643986701688,sell,0
63,saver_10,925.7688115277924,buy,0
63,saver_5,961.737761974897,buy,0
63,rnd_trader_1,,sell,1
63,rnd_trader_2,,sell,1
63,rnd_trader_5,,buy,1
63,saver_16,1022.6977619748968,buy,0
63,saver_8,926.9360652367335,buy,0
63,saver_15,945.1921514624913,buy,0
63,saver_0,922.9007675539399,buy,0
63,saver_21,879.4878146819268,sell,0
63,rnd_trader_0,,sell,1
63,saver_14,980.317813787235,buy,5
63,saver_13,956.5576388875191,buy,0
64,saver_19,989.0660652367336,sell,0
64,rnd_trader_4,,sell,1
64,rnd_trader_3,,buy,1
64,saver_11,928.8409906131399,buy,0
64,saver_18,1040.2011213018245,sell,0
64,saver_6,943.2830171665566,buy,0
64,saver_22,957.15358754059,sell,0
64,saver_2,1050.0977619748965,buy,0
64,saver_1,961.2478137872348,buy,0
64,saver_7,1001.8435875405899,buy,0
64,saver_9,1064.8876388875192,buy,0
64,saver_23,945.8060652367334,sell,0
64,saver_20,1027.3935875405898,sell,0
64,saver_3,1029.5735875405899,buy,0
64,saver_12,891.1176242341116,buy,0
64,saver_4,942.0176388875192,buy,0
64,saver_17,985.0643986701688,sell,0
64,saver_10,925.7688115277924,buy,0
64,saver_5,961.737761974897,buy,0
64,rnd_trader_1,,buy,1
64,rnd_trader_2,,buy,1
64,rnd_trader_5,,sell,1
64,saver_16,1022.6977619748968,buy,0
64,saver_8,926.9360652367335,buy,0
64,saver_15,877.9947840565603,buy,5
64,saver_0,922.9007675539399,buy,0
64,saver_21,879.4878146819268,sell,0
64,rnd_trader_0,,sell,1
64,saver_14,980.317813787235,buy,0
64,saver_13,956.5576388875191,buy,0
65,saver_19,989.0660652367336,sell,0
65,rnd_trader_4,,buy,1
65,rnd_trader_3,,sell,1
65,saver_11,928.8409906131399,buy,0
65,saver_18,1040.2011213018245,sell,0
65,saver_6,943.2830171665566,buy,0
65,saver_22,957.15358754059,sell,0
65,saver_2,1050.0977619748965,buy,0
65,saver_1,961.2478137872348,buy,0
65,saver_7,1001.8435875405899,buy,0
65,saver_9,1064.8876388875192,buy,0
65,saver_23,945.8060652367334,sell,0
65,saver_20,1027.3935875405898,sell,0
65,saver_3,1029.5735875405899,buy,0
65,saver_12,815.5603884578841,buy,5
65,saver_4,942.0176388875192,buy,0
65,saver_17,985.0643986701688,sell,0
65,saver_10,925.7688115277924,buy,0
65,saver_5,961.737761974897,buy,0
65,rnd_trader_1,,buy,1
65,rnd_trader_2,,sell,1
65,rnd_trader_5,,sell,1
65,saver_16,1022.6977619748968,buy,0
65,saver_8,926.9360652367335,buy,0
65,saver_15,877.9947840565603,buy,0
65,saver_0,922.9007675539399,buy,0
65,saver_21,879.4878146819268,sell,0
65,rnd_trader_0,,buy,1
65,saver_14,980.317813787235,buy,0
65,saver_13,956.5576388875191,buy,0
66,saver_19,989.0660652367336,sell,0
66,rnd_trader_4,,sell,1
66,rnd_trader_3,,buy,1
66,saver_11,928.8409906131399,buy,0
66,saver_18,1040.2011213018245,sell,0
66,saver_6,943.2830171665566,buy,0
66,saver_22,957.15358754059,sell,0
66,saver_2,1050.0977619748965,buy,0
66,saver_1,961.2478137872348,buy,0
66,saver_7,1001.8435875405899,buy,0
66,saver_9,1064.8876388875192,buy,0
66,saver_23,945.8060652367334,sell,0
66,saver_20,1027.3935875405898,sell,0
66,saver_3,1029.5735875405899,buy,0
66,saver_12,815.5603884578841,buy,0
66,saver_4,942.0176388875192,buy,0
66,saver_17,985.0643986701688,sell,0
66,saver_10,925.7688115277924,buy,0
66,saver_5,961.737761974897,buy,0
66,rnd_trader_1,,buy,1
66,rnd_trader_2,,sell,1
66,rnd_trader_5,,buy,1
66,saver_16,1022.6977619748968,buy,0
66,saver_8,926.9360652367335,buy,0
66,saver_15,877.9947840565603,buy,0
66,saver_0,922.9007675539399,buy,0
66,saver_21,879.4878146819268,sell,0
66,rnd_trader_0,,sell,1
66,saver_14,980.317813787235,buy,0
66,saver_13,956.5576388875191,buy,0
67,saver_19,989.0660652367336,sell,0
67,rnd_trader_4,,sell,1
67,rnd_trader_3,,buy,1
67,saver_11,844.5058930481009,buy,5
67,saver_18,1040.2011213018245,sell,0
67,saver_6,943.2830171665566,buy,0
67,saver_22,957.15358754059,sell,0
67,saver_2,1050.0977619748965,buy,0
67,saver_1,961.2478137872348,buy,0
67,saver_7,1001.8435875405899,buy,0
67,saver_9,1064.8876388875192,buy,0
67,saver_23,945.8060652367334,sell,0
67,saver_20,1027.3935875405898,sell,0
67,saver_3,1029.5735875405899,buy,0
67,saver_12,815.5603884578841,buy,0
67,saver_4,942.0176388875192,buy,0
67,saver_17,985.0643986701688,sell,0
67,saver_10,925.7688115277924,buy,0
67,saver_5,961.737761974897,buy,0
67,rnd_trader_1,,sell,1
67,rnd_trader_2,,buy,1
67,rnd_trader_5,,buy,1
67,saver_16,1022.6977619748968,buy,0
67,saver_8,926.9360652367335,buy,0
67,saver_15,877.9947840565603,buy,0
67,saver_0,838.5656699889009,buy,5
67,saver_21,879.4878146819268,sell,0
67,rnd_trader_0,,buy,1
67,saver_14,980.317813787235,buy,0
67,saver_13,956.5576388875191,buy,0
68,saver_19,989.0660652367336,sell,0
68,rnd_trader_4,,sell,1
68,rnd_trader_3,,buy,1
68,saver_11,844.5058930481009,buy,0
68,saver_18,1040.2011213018245,sell,0
68,saver_6,943.2830171665566,buy,0
68,saver_22,957.15358754059,sell,0
68,saver_2,1050.0977619748965,buy,0
68,saver_1,961.2478137872348,buy,0
68,saver_7,1001.8435875405899,buy,0
68,saver_9,1064.8876388875192,buy,0
68,saver_23,945.8060652367334,sell,0
68,saver_20,1027.3935875405898,sell,0
68,saver_3,1029.5735875405899,buy,0
68,saver_12,815.5603884578841,buy,0
68,saver_4,942.0176388875192,buy,0
68,saver_17,985.0643986701688,sell,0
68,saver_10,925.7688115277924,buy,0
68,saver_5,961.737761974897,buy,0
68,rnd_trader_1,,buy,1
68,rnd_trader_2,,sell,1
68,rnd_trader_5,,buy,1
68,saver_16,1022.6977619748968,buy,0
68,saver_8,926.9360652367335,buy,0
68,saver_15,877.9947840565603,buy,0
68,saver_0,838.5656699889009,buy,0
68,saver_21,879.4878146819268,sell,0
68,rnd_trader_0,,buy,1
68,saver_14,980.317813787235,buy,0
68,saver_13,956.5576388875191,buy,0
69,saver_19,989.0660652367336,sell,0
69,rnd_trader_4,,buy,1
69,rnd_trader_3,,buy,1
69,saver_11,844.5058930481009,buy,0
69,saver_18,1040.2011213018245,sell,0
69,saver_6,943.2830171665566,buy,0
69,saver_22,957.15358754059,sell,0
69,saver_2,1050.0977619748965,buy,0
69,saver_1,961.2478137872348,buy,0
69,saver_7,1001.8435875405899,buy,0
69,saver_9,1064.8876388875192,buy,0
69,saver_23,945.8060652367334,sell,0
69,saver_20,1027.3935875405898,sell,0
69,saver_3,1029.5735875405899,buy,0
69,saver_12,815.5603884578841,buy,0
69,saver_4,942.0176388875192,buy,0
69,saver_17,985.0643986701688,sell,0
69,saver_10,925.7688115277924,buy,0
69,saver_5,961.737761974897,buy,0
69,rnd_trader_1,,buy,1
69,rnd_trader_2,,buy,1
69,rnd_trader_5,,buy,1
69,saver_16,1022.6977619748968,buy,0
69,saver_8,926.9360652367335,buy,0
69,saver_15,877.9947840565603,buy,0
69,saver_0,838.5656699889009,buy,0
69,saver_21,768.9033992236263,sell,5
69,rnd_trader_0,,buy,1
69,saver_14,980.317813787235,buy,0
69,saver_13,956.5576388875191,buy,0
70,saver_19,989.0660652367336,sell,0
70,rnd_trader_4,,buy,1
70,rnd_trader_3,,sell,1
70,saver_11,844.5058930481009,buy,0
70,saver_18,1040.2011213018245,sell,0
70,saver_6,943.2830171665566,buy,0
70,saver_22,957.15358754059,sell,0
70,saver_2,1050.0977619748965,buy,0
70,saver_1,961.2478137872348,buy,0
70,saver_7,1001.8435875405899,buy,0
70,saver_9,1064.8876388875192,buy,0
70,saver_23,945.8060652367334,sell,0
70,saver_20,1027.3935875405898,sell,0
70,saver_3,1029.5735875405899,buy,0
70,saver_12,815.5603884578841,buy,0
70,saver_4,942.0176388875192,buy,0
70,saver_17,872.3741390572853,sell,5
70,saver_10,925.7688115277924,buy,0
70,saver_5,961.737761974897,buy,0
70,rnd_trader_1,,buy,1
70,rnd_trader_2,,sell,1
70,rnd_trader_5,,sell,1
70,saver_16,1022.6977619748968,buy,0
70,saver_8,926.9360652367335,buy,0
70,saver_15,877.9947840565603,buy,0
70,saver_0,838.5656699889009,buy,0
70,saver_21,768.9033992236263,sell,0
70,rnd_trader_0,,buy,1
70,saver_14,980.317813787235,buy,0
70,saver_13,956.5576388875191,buy,0
71,saver_19,989.0660652367336,sell,0
71,rnd_trader_4,,sell,1
71,rnd_trader_3,,sell,1
71,saver_11,844.5058930481009,buy,0
71,saver_18,1040.2011213018245,sell,0
71,saver_6,943.2830171665566,buy,0
71,saver_22,957.15358754059,sell,0
71,saver_2,1050.0977619748965,buy,0
71,saver_1,961.2478137872348,buy,0
71,saver_7,1001.8435875405899,buy,0
71,saver_9,1064.8876388875192,buy,0
71,saver_23,945.8060652367334,sell,0
71,saver_20,1027.3935875405898,sell,0
71,saver_3,1029.5735875405899,buy,0
71,saver_12,815.5603884578841,buy,0
71,saver_4,942.0176388875192,buy,0
71,saver_17,872.3741390572853,sell,0
71,saver_10,925.7688115277924,buy,0
71,saver_5,961.737761974897,buy,0
71,rnd_trader_1,,buy,1
71,rnd_trader_2,,sell,1
71,rnd_trader_5,,buy,1
71,saver_16,1022.6977619748968,buy,0
71,saver_8,926.9360652367335,buy,0
71,saver_15,877.9947840565603,buy,0
71,saver_0,838.5656699889009,buy,0
71,saver_21,768.9033992236263,sell,0
71,rnd_trader_0,,buy,1
71,saver_14,980.317813787235,buy,0
71,saver_13,956.5576388875191,buy,0
72,saver_19,989.0660652367336,sell,0
72,rnd_trader_4,,sell,1
72,rnd_trader_3,,sell,1
72,saver_11,844.5058930481009,buy,0
72,saver_18,1040.2011213018245,sell,0
72,saver_6,943.2830171665566,buy,0
72,saver_22,957.15358754059,sell,0
72,saver_2,1050.0977619748965,buy,0
72,saver_1,961.2478137872348,buy,0
72,saver_7,1001.8435875405899,buy,0
72,saver_9,962.8318922552799,buy,5
72,saver_23,945.8060652367334,sell,0
72,saver_20,1027.3935875405898,sell,0
72,saver_3,1029.5735875405899,buy,0
72,saver_12,815.5603884578841,buy,0
72,saver_4,839.96189225528,buy,5
72,saver_17,872.3741390572853,sell,0
72,saver_10,925.7688115277924,buy,0
72,saver_5,961.737761974897,buy,0
72,rnd_trader_1,,sell,1
72,rnd_trader_2,,sell,1
72,rnd_trader_5,,sell,1
72,saver_16,1022.6977619748968,buy,0
72,saver_8,926.9360652367335,buy,0
72,saver_15,877.9947840565603,buy,0
72,saver_0,838.5656699889009,buy,0
72,saver_21,768.9033992236263,sell,0
72,rnd_trader_0,,sell,1
72,saver_14,980.317813787235,buy,0
72,saver_13,854.5018922552799,buy,5
73,saver_19,989.0660652367336,sell,0
73,rnd_trader_4,,buy,1
73,rnd_trader_3,,buy,1
73,saver_11,844.5058930481009,buy,0
73,saver_18,1040.2011213018245,sell,0
73,saver_6,943.2830171665566,buy,0
73,saver_22,957.15358754059,sell,0
73,saver_2,1050.0977619748965,buy,0
73,saver_1,961.2478137872348,buy,0
73,saver_7,1001.8435875405899,buy,0
73,saver_9,962.8318922552799,buy,0
73,saver_23,945.8060652367334,sell,0
73,saver_20,1027.3935875405898,sell,0
73,saver_3,1029.5735875405899,buy,0
73,saver_12,815.5603884578841,buy,0
73,saver_4,839.96189225528,buy,0
73,saver_17,872.3741390572853,sell,0
73,saver_10,925.7688115277924,buy,0
73,saver_5,961.737761974897,buy,0
73,rnd_trader_1,,buy,1
73,rnd_trader_2,,buy,1
73,rnd_trader_5,,sell,1
73,saver_16,1022.6977619748968,buy,0
73,saver_8,926.9360652367335,buy,0
73,saver_15,877.9947840565603,buy,0
73,saver_0,838.5656699889009,buy,0
73,saver_21,768.9033992236263,sell,0
73,rnd_trader_0,,sell,1
73,saver_14,980.317813787235,buy,0
73,saver_13,854.5018922552799,buy,0
74,saver_19,989.0660652367336,sell,0
74,rnd_trader_4,,sell,1
74,rnd_trader_3,,sell,1
74,saver_11,844.5058930481009,buy,0
74,saver_18,1040.2011213018245,sell,0
74,saver_6,943.2830171665566,buy,0
74,saver_22,957.15358754059,sell,0
74,saver_2,1050.0977619748965,buy,0
74,saver_1,961.2478137872348,buy,0
74,saver_7,1001.8435875405899,buy,0
74,saver_9,962.8318922552799,buy,0
74,saver_23,945.8060652367334,sell,0
74,saver_20,1027.3935875405898,sell,0
74,saver_3,1029.5735875405899,buy,0
74,saver_12,815.5603884578841,buy,0
74,saver_4,839.96189225528,buy,0
74,saver_17,872.3741390572853,sell,0
74,saver_10,925.7688115277924,buy,0
74,saver_5,961.737761974897,buy,0
74,rnd_trader_1,,sell,1
74,rnd_trader_2,,sell,1
74,rnd_trader_5,,sell,1
74,saver_16,1022.6977619748968,buy,0
74,saver_8,926.9360652367335,buy,0
74,saver_15,877.9947840565603,buy,0
74,saver_0,838.5656699889009,buy,0
74,saver_21,768.9033992236263,sell,0
74,rnd_trader_0,,sell,1
74,saver_14,980.317813787235,buy,0
74,saver_13,854.5018922552799,buy,0
75,saver_19,989.0660652367336,sell,0
75,rnd_trader_4,,sell,1
75,rnd_trader_3,,sell,1
75,saver_11,844.5058930481009,buy,0
75,saver_18,1040.2011213018245,sell,0
75,saver_6,832.1161728071763,buy,5
75,saver_22,957.15358754059,sell,0
75,saver_2,1050.0977619748965,buy,0
75,saver_1,961.2478137872348,buy,0
75,saver_7,1001.8435875405899,buy,0
75,saver_9,962.8318922552799,buy,0
75,saver_23,945.8060652367334,sell,0
75,saver_20,1027.3935875405898,sell,0
75,saver_3,1029.5735875405899,buy,0
75,saver_12,815.5603884578841,buy,0
75,saver_4,839.96189225528,buy,0
75,saver_17,872.3741390572853,sell,0
75,saver_10,925.7688115277924,buy,0
75,saver_5,961.737761974897,buy,0
75,rnd_trader_1,,buy,1
75,rnd_trader_2,,buy,1
75,rnd_trader_5,,sell,1
75,saver_16,1022.6977619748968,buy,0
75,saver_8,926.9360652367335,buy,0
75,saver_15,877.9947840565603,buy,0
75,saver_0,838.5656699889009,buy,0
75,saver_21,768.9033992236263,sell,0
75,rnd_trader_0,,buy,1
75,saver_14,980.317813787235,buy,0
75,saver_13,854.5018922552799,buy,0
76,saver_19,989.0660652367336,sell,0
76,rnd_trader_4,,buy,1
76,rnd_trader_3,,buy,1
76,saver_11,844.5058930481009,buy,0
76,saver_18,1040.2011213018245,sell,0
76,saver_6,832.1161728071763,buy,0
76,saver_22,835.4284009632407,sell,5
76,saver_2,1050.0977619748965,buy,0
76,saver_1,961.2478137872348,buy,0
76,saver_7,880.1184009632406,buy,5
76,saver_9,962.8318922552799,buy,0
76,saver_23,945.8060652367334,sell,0
76,saver_20,905.6684009632405,sell,5
76,saver_3,907.8484009632406,buy,5
76,saver_12,815.5603884578841,buy,0
76,saver_4,839.96189225528,buy,0
76,saver_17,872.3741390572853,sell,0
76,saver_10,925.7688115277924,buy,0
76,saver_5,961.737761974897,buy,0
76,rnd_trader_1,,buy,1
76,rnd_trader_2,,buy,1
76,rnd_trader_5,,sell,1
76,saver_16,1022.6977619748968,buy,0
76,saver_8,926.9360652367335,buy,0
76,saver_15,877.9947840565603,buy,0
76,saver_0,838.5656699889009,buy,0
76,saver_21,768.9033992236263,sell,0
76,rnd_trader_0,,buy,1
76,saver_14,980.317813787235,buy,0
76,saver_13,854.5018922552799,buy,0
77,saver_19,989.0660652367336,sell,0
77,rnd_trader_4,,sell,1
77,rnd_trader_3,,buy,1
77,saver_11,844.5058930481009,buy,0
77,saver_18,1040.2011213018245,sell,0
77,saver_6,832.1161728071763,buy,0
77,saver_22,835.4284009632407,sell,0
77,saver_2,1050.0977619748965,buy,0
77,saver_1,961.2478137872348,buy,0
77,saver_7,880.1184009632406,buy,0
77,saver_9,962.8318922552799,buy,0
77,saver_23,945.8060652367334,sell,0
77,saver_20,905.6684009632405,sell,0
77,saver_3,907.8484009632406,buy,0
77,saver_12,815.5603884578841,buy,0
77,saver_4,839.96189225528,buy,0
77,saver_17,872.3741390572853,sell,0
77,saver_10,795.1746174873492,buy,5
77,saver_5,961.737761974897,buy,0
77,rnd_trader_1,,sell,1
77,rnd_trader_2,,buy,1
77,rnd_trader_5,,sell,1
77,saver_16,1022.6977619748968,buy,0
77,saver_8,926.9360652367335,buy,0
77,saver_15,877.9947840565603,buy,0
77,saver_0,838.5656699889009,buy,0
77,saver_21,768.9033992236263,sell,0
77,rnd_trader_0,,buy,1
77,saver_14,980.317813787235,buy,0
77,saver_13,854.5018922552799,buy,0
78,saver_19,989.0660652367336,sell,0
78,rnd_trader_4,,sell,1
78,rnd_trader_3,,buy,1
78,saver_11,844.5058930481009,buy,0
78,saver_18,898.077217559359,sell,5
78,saver_6,832.1161728071763,buy,0
78,saver_22,835.4284009632407,sell,0
78,saver_2,1050.0977619748965,buy,0
78,saver_1,961.2478137872348,buy,0
78,saver_7,880.1184009632406,buy,0
78,saver_9,962.8318922552799,buy,0
78,saver_23,945.8060652367334,sell,0
78,saver_20,905.6684009632405,sell,0
78,saver_3,907.8484009632406,buy,0
78,saver_12,815.5603884578841,buy,0
78,saver_4,839.96189225528,buy,0
78,saver_17,872.3741390572853,sell,0
78,saver_10,795.1746174873492,buy,0
78,saver_5,961.737761974897,buy,0
78,rnd_trader_1,,buy,1
78,rnd_trader_2,,sell,1
78,rnd_trader_5,,buy,1
78,saver_16,1022.6977619748968,buy,0
78,saver_8,926.9360652367335,buy,0
78,saver_15,877.9947840565603,buy,0
78,saver_0,838.5656699889009,buy,0
78,saver_21,768.9033992236263,sell,0
78,rnd_trader_0,,buy,1
78,saver_14,980.317813787235,buy,0
78,saver_13,854.5018922552799,buy,0
79,saver_19,854.2058786065422,sell,5
79,rnd_trader_4,,buy,1
79,rnd_trader_3,,sell,1
79,saver_11,844.5058930481009,buy,0
79,saver_18,898.077217559359,sell,0
79,saver_6,832.1161728071763,buy,0
79,saver_22,835.4284009632407,sell,0
79,saver_2,1050.0977619748965,buy,0
79,saver_1,961.2478137872348,buy,0
79,saver_7,880.1184009632406,buy,0
79,saver_9,962.8318922552799,buy,0
79,saver_23,810.945878606542,sell,5
79,saver_20,905.6684009632405,sell,0
79,saver_3,907.8484009632406,buy,0
79,saver_12,815.5603884578841,buy,0
79,saver_4,839.96189225528,buy,0
79,saver_17,872.3741390572853,sell,0
79,saver_10,795.1746174873492,buy,0
79,saver_5,961.737761974897,buy,0
79,rnd_trader_1,,sell,1
79,rnd_trader_2,,buy,1
79,rnd_trader_5,,buy,1
79,saver_16,1022.6977619748968,buy,0
79,saver_8,792.0758786065421,buy,5
79,saver_15,877.9947840565603,buy,0
79,saver_0,838.5656699889009,buy,0
79,saver_21,768.9033992236263,sell,0
79,rnd_trader_0,,buy,1
79,saver_14,980.317813787235,buy,0
79,saver_13,854.5018922552799,buy,0
80,saver_19,854.2058786065422,sell,0
80,rnd_trader_4,,sell,1
80,rnd_trader_3,,buy,1
80,saver_11,844.5058930481009,buy,0
80,saver_18,898.077217559359,sell,0
80,saver_6,832.1161728071763,buy,0
80,saver_22,835.4284009632407,sell,0
80,saver_2,922.2833809436107,buy,5
80,saver_1,961.2478137872348,buy,0
80,saver_7,880.1184009632406,buy,0
80,saver_9,962.8318922552799,buy,0
80,saver_23,810.945878606542,sell,0
80,saver_20,905.6684009632405,sell,0
80,saver_3,907.8484009632406,buy,0
80,saver_12,815.5603884578841,buy,0
80,saver_4,839.96189225528,buy,0
80,saver_17,872.3741390572853,sell,0
80,saver_10,795.1746174873492,buy,0
80,saver_5,833.9233809436113,buy,5
80,rnd_trader_1,,buy,1
80,rnd_trader_2,,buy,1
80,rnd_trader_5,,sell,1
80,saver_16,894.8833809436111,buy,5
80,saver_8,792.0758786065421,buy,0
80,saver_15,877.9947840565603,buy,0
80,saver_0,838.5656699889009,buy,0
80,saver_21,768.9033992236263,sell,0
80,rnd_trader_0,,sell,1
80,saver_14,980.317813787235,buy,0
80,saver_13,854.5018922552799,buy,0
81,saver_19,854.2058786065422,sell,0
81,rnd_trader_4,,sell,1
81,rnd_trader_3,,sell,1
81,saver_11,844.5058930481009,buy,0
81,saver_18,898.077217559359,sell,0
81,saver_6,832.1161728071763,buy,0
81,saver_22,835.4284009632407,sell,0
81,saver_2,922.2833809436107,buy,0
81,saver_1,961.2478137872348,buy,0
81,saver_7,880.1184009632406,buy,0
81,saver_9,962.8318922552799,buy,0
81,saver_23,810.945878606542,sell,0
81,saver_20,905.6684009632405,sell,0
81,saver_3,907.8484009632406,buy,0
81,saver_12,815.5603884578841,buy,0
81,saver_4,839.96189225528,buy,0
81,saver_17,872.3741390572853,sell,0
81,saver_10,795.1746174873492,buy,0
81,saver_5,833.9233809436113,buy,0
81,rnd_trader_1,,buy,1
81,rnd_trader_2,,buy,1
81,rnd_trader_5,,sell,1
81,saver_16,894.8833809436111,buy,0
81,saver_8,792.0758786065421,buy,0
81,saver_15,877.9947840565603,buy,0
81,saver_0,838.5656699889009,buy,0
81,saver_21,768.9033992236263,sell,0
81,rnd_trader_0,,sell,1
81,saver_14,980.317813787235,buy,0
81,saver_13,854.5018922552799,buy,0
82,saver_19,854.2058786065422,sell,0
82,rnd_trader_4,,sell,1
82,rnd_trader_3,,sell,1
82,saver_11,844.5058930481009,buy,0
82,saver_18,898.077217559359,sell,0
82,saver_6,832.1161728071763,buy,0
82,saver_22,835.4284009632407,sell,0
82,saver_2,922.2833809436107,buy,0
82,saver_1,804.5010063649759,buy,5
82,saver_7,880.1184009632406,buy,0
82,saver_9,962.8318922552799,buy,0
82,saver_23,810.945878606542,sell,0
82,saver_20,905.6684009632405,sell,0
82,saver_3,907.8484009632406,buy,0
82,saver_12,815.5603884578841,buy,0
82,saver_4,839.96189225528,buy,0
82,saver_17,872.3741390572853,sell,0
82,saver_10,795.1746174873492,buy,0
82,saver_5,833.9233809436113,buy,0
82,rnd_trader_1,,buy,1
82,rnd_trader_2,,sell,1
82,rnd_trader_5,,buy,1
82,saver_16,894.8833809436111,buy,0
82,saver_8,792.0758786065421,buy,0
82,saver_15,877.9947840565603,buy,0
82,saver_0,838.5656699889009,buy,0
82,saver_21,768.9033992236263,sell,0
82,rnd_trader_0,,sell,1
82,saver_14,823.571006364976,buy,5
82,saver_13,854.5018922552799,buy,0
83,saver_19,854.2058786065422,sell,0
83,rnd_trader_4,,sell,1
83,rnd_trader_3,,buy,1
83,saver_11,844.5058930481009,buy,0
83,saver_18,898.077217559359,sell,0
83,saver_6,832.1161728071763,buy,0
83,saver_22,835.4284009632407,sell,0
83,saver_2,922.2833809436107,buy,0
83,saver_1,804.5010063649759,buy,0
83,saver_7,880.1184009632406,buy,0
83,saver_9,962.8318922552799,buy,0
83,saver_23,810.945878606542,sell,0
83,saver_20,905.6684009632405,sell,0
83,saver_3,907.8484009632406,buy,0
83,saver_12,815.5603884578841,buy,0
83,saver_4,839.96189225528,buy,0
83,saver_17,872.3741390572853,sell,0
83,saver_10,795.1746174873492,buy,0
83,saver_5,833.9233809436113,buy,0
83,rnd_trader_1,,sell,1
83,rnd_trader_2,,buy,1
83,rnd_trader_5,,sell,1
83,saver_16,894.8833809436111,buy,0
83,saver_8,792.0758786065421,buy,0
83,saver_15,700.7082320405206,buy,5
83,saver_0,838.5656699889009,buy,0
83,saver_21,768.9033992236263,sell,0
83,rnd_trader_0,,sell,1
83,saver_14,823.571006364976,buy,0
83,saver_13,854.5018922552799,buy,0
84,saver_19,854.2058786065422,sell,0
84,rnd_trader_4,,sell,1
84,rnd_trader_3,,sell,1
84,saver_11,844.5058930481009,buy,0
84,saver_18,898.077217559359,sell,0
84,saver_6,832.1161728071763,buy,0
84,saver_22,835.4284009632407,sell,0
84,saver_2,922.2833809436107,buy,0
84,saver_1,804.5010063649759,buy,0
84,saver_7,880.1184009632406,buy,0
84,saver_9,962.8318922552799,buy,0
84,saver_23,810.945878606542,sell,0
84,saver_20,905.6684009632405,sell,0
84,saver_3,907.8484009632406,buy,0
84,saver_12,629.9552398813631,buy,5
84,saver_4,839.96189225528,buy,0
84,saver_17,872.3741390572853,sell,0
84,saver_10,795.1746174873492,buy,0
84,saver_5,833.9233809436113,buy,0
84,rnd_trader_1,,buy,1
84,rnd_trader_2,,sell,1
84,rnd_trader_5,,sell,1
84,saver_16,894.8833809436111,buy,0
84,saver_8,792.0758786065421,buy,0
84,saver_15,700.7082320405206,buy,0
84,saver_0,838.5656699889009,buy,0
84,saver_21,768.9033992236263,sell,0
84,rnd_trader_0,,buy,1
84,saver_14,823.571006364976,buy,0
84,saver_13,854.5018922552799,buy,0
85,saver_19,854.2058786065422,sell,0
85,rnd_trader_4,,sell,1
85,rnd_trader_3,,buy,1
85,saver_11,844.5058930481009,buy,0
85,saver_18,898.077217559359,sell,0
85,saver_6,832.1161728071763,buy,0
85,saver_22,835.4284009632407,sell,0
85,saver_2,922.2833809436107,buy,0
85,saver_1,804.5010063649759,buy,0
85,saver_7,880.1184009632406,buy,0
85,saver_9,962.8318922552799,buy,0
85,saver_23,810.945878606542,sell,0
85,saver_20,905.6684009632405,sell,0
85,saver_3,907.8484009632406,buy,0
85,saver_12,629.9552398813631,buy,0
85,saver_4,839.96189225528,buy,0
85,saver_17,872.3741390572853,sell,0
85,saver_10,795.1746174873492,buy,0
85,saver_5,833.9233809436113,buy,0
85,rnd_trader_1,,buy,1
85,rnd_trader_2,,buy,1
85,rnd_trader_5,,buy,1
85,saver_16,894.8833809436111,buy,0
85,saver_8,792.0758786065421,buy,0
85,saver_15,700.7082320405206,buy,0
85,saver_0,838.5656699889009,buy,0
85,saver_21,768.9033992236263,sell,0
85,rnd_trader_0,,buy,1
85,saver_14,823.571006364976,buy,0
85,saver_13,854.5018922552799,buy,0
86,saver_19,854.2058786065422,sell,0
86,rnd_trader_4,,sell,1
86,rnd_trader_3,,buy,1
86,saver_11,638.5656578929317,buy,5
86,saver_18,898.077217559359,sell,0
86,saver_6,832.1161728071763,buy,0
86,saver_22,835.4284009632407,sell,0
86,saver_2,922.2833809436107,buy,0
86,saver_1,804.5010063649759,buy,0
86,saver_7,880.1184009632406,buy,0
86,saver_9,962.8318922552799,buy,0
86,saver_23,810.945878606542,sell,0
86,saver_20,905.6684009632405,sell,0
86,saver_3,907.8484009632406,buy,0
86,saver_12,629.9552398813631,buy,0
86,saver_4,839.96189225528,buy,0
86,saver_17,872.3741390572853,sell,0
86,saver_10,795.1746174873492,buy,0
86,saver_5,833.9233809436113,buy,0
86,rnd_trader_1,,buy,1
86,rnd_trader_2,,buy,1
86,rnd_trader_5,,sell,1
86,saver_16,894.8833809436111,buy,0
86,saver_8,792.0758786065421,buy,0
86,saver_15,700.7082320405206,buy,0
86,saver_0,632.6254348337317,buy,5
86,saver_21,768.9033992236263,sell,0
86,rnd_trader_0,,sell,1
86,saver_14,823.571006364976,buy,0
86,saver_13,854.5018922552799,buy,0
87,saver_19,854.2058786065422,sell,0
87,rnd_trader_4,,sell,1
87,rnd_trader_3,,sell,1
87,saver_11,638.5656578929317,buy,0
87,saver_18,898.077217559359,sell,0
87,saver_6,832.1161728071763,buy,0
87,saver_22,835.4284009632407,sell,0
87,saver_2,922.2833809436107,buy,0
87,saver_1,804.5010063649759,buy,0
87,saver_7,880.1184009632406,buy,0
87,saver_9,962.8318922552799,buy,0
87,saver_23,810.945878606542,sell,0
87,saver_20,905.6684009632405,sell,0
87,saver_3,907.8484009632406,buy,0
87,saver_12,629.9552398813631,buy,0
87,saver_4,839.96189225528,buy,0
87,saver_17,872.3741390572853,sell,0
87,saver_10,795.1746174873492,buy,0
87,saver_5,833.9233809436113,buy,0
87,rnd_trader_1,,sell,1
87,rnd_trader_2,,buy,1
87,rnd_trader_5,,sell,1
87,saver_16,894.8833809436111,buy,0
87,saver_8,792.0758786065421,buy,0
87,saver_15,700.7082320405206,buy,0
87,saver_0,632.6254348337317,buy,0
87,saver_21,768.9033992236263,sell,0
87,rnd_trader_0,,sell,1
87,saver_14,823.571006364976,buy,0
87,saver_13,854.5018922552799,buy,0
88,saver_19,854.2058786065422,sell,0
88,rnd_trader_4,,buy,1
88,rnd_trader_3,,buy,1
88,saver_11,638.5656578929317,buy,0
88,saver_18,898.077217559359,sell,0
88,saver_6,832.1161728071763,buy,0
88,saver_22,835.4284009632407,sell,0
88,saver_2,922.2833809436107,buy,0
88,saver_1,804.5010063649759,buy,0
88,saver_7,880.1184009632406,buy,0
88,saver_9,962.8318922552799,buy,0
88,saver_23,810.945878606542,sell,0
88,saver_20,905.6684009632405,sell,0
88,saver_3,907.8484009632406,buy,0
88,saver_12,629.9552398813631,buy,0
88,saver_4,839.96189225528,buy,0
88,saver_17,872.3741390572853,sell,0
88,saver_10,795.1746174873492,buy,0
88,saver_5,833.9233809436113,buy,0
88,rnd_trader_1,,sell,1
88,rnd_trader_2,,buy,1
88,rnd_trader_5,,buy,1
88,saver_16,894.8833809436111,buy,0
88,saver_8,792.0758786065421,buy,0
88,saver_15,700.7082320405206,buy,0
88,saver_0,632.6254348337317,buy,0
88,saver_21,545.8305108997677,sell,5
88,rnd_trader_0,,sell,1
88,saver_14,823.571006364976,buy,0
88,saver_13,854.5018922552799,buy,0
89,saver_19,854.2058786065422,sell,0
89,rnd_trader_4,,sell,1
89,rnd_trader_3,,sell,1
89,saver_11,638.5656578929317,buy,0
89,saver_18,898.077217559359,sell,0
89,saver_6,832.1161728071763,buy,0
89,saver_22,835.4284009632407,sell,0
89,saver_2,922.2833809436107,buy,0
89,saver_1,804.5010063649759,buy,0
89,saver_7,880.1184009632406,buy,0
89,saver_9,962.8318922552799,buy,0
89,saver_23,810.945878606542,sell,0
89,saver_20,905.6684009632405,sell,0
89,saver_3,907.8484009632406,buy,0
89,saver_12,629.9552398813631,buy,0
89,saver_4,839.96189225528,buy,0
89,saver_17,658.9934373831425,sell,5
89,saver_10,795.1746174873492,buy,0
89,saver_5,833.9233809436113,buy,0
89,rnd_trader_1,,buy,1
89,rnd_trader_2,,buy,1
89,rnd_trader_5,,buy,1
89,saver_16,894.8833809436111,buy,0
89,saver_8,792.0758786065421,buy,0
89,saver_15,700.7082320405206,buy,0
89,saver_0,632.6254348337317,buy,0
89,saver_21,545.8305108997677,sell,0
89,rnd_trader_0,,buy,1
89,saver_14,823.571006364976,buy,0
89,saver_13,854.5018922552799,buy,0
90,saver_19,854.2058786065422,sell,0
90,rnd_trader_4,,buy,1
90,rnd_trader_3,,buy,1
90,saver_11,638.5656578929317,buy,0
90,saver_18,898.077217559359,sell,0
90,saver_6,832.1161728071763,buy,0
90,saver_22,835.4284009632407,sell,0
90,saver_2,922.2833809436107,buy,0
90,saver_1,804.5010063649759,buy,0
90,saver_7,880.1184009632406,buy,0
90,saver_9,962.8318922552799,buy,0
90,saver_23,810.945878606542,sell,0
90,saver_20,905.6684009632405,sell,0
90,saver_3,907.8484009632406,buy,0
90,saver_12,629.9552398813631,buy,0
90,saver_4,839.96189225528,buy,0
90,saver_17,658.9934373831425,sell,0
90,saver_10,795.1746174873492,buy,0
90,saver_5,833.9233809436113,buy,0
90,rnd_trader_1,,buy,1
90,rnd_trader_2,,sell,1
90,rnd_trader_5,,sell,1
90,saver_16,894.8833809436111,buy,0
90,saver_8,792.0758786065421,buy,0
90,saver_15,700.7082320405206,buy,0
90,saver_0,632.6254348337317,buy,0
90,saver_21,545.8305108997677,sell,0
90,rnd_trader_0,,sell,1
90,saver_14,823.571006364976,buy,0
90,saver_13,854.5018922552799,buy,0
91,saver_19,854.2058786065422,sell,0
91,rnd_trader_4,,sell,1
91,rnd_trader_3,,buy,1
91,saver_11,638.5656578929317,buy,0
91,saver_18,898.077217559359,sell,0
91,saver_6,832.1161728071763,buy,0
91,saver_22,835.4284009632407,sell,0
91,saver_2,922.2833809436107,buy,0
91,saver_1,804.5010063649759,buy,0
91,saver_7,880.1184009632406,buy,0
91,saver_9,758.8526116313612,buy,5
91,saver_23,810.945878606542,sell,0
91,saver_20,905.6684009632405,sell,0
91,saver_3,907.8484009632406,buy,0
91,saver_12,629.9552398813631,buy,0
91,saver_4,635.9826116313614,buy,5
91,saver_17,658.9934373831425,sell,0
91,saver_10,795.1746174873492,buy,0
91,saver_5,833.9233809436113,buy,0
91,rnd_trader_1,,buy,1
91,rnd_trader_2,,buy,1
91,rnd_trader_5,,sell,1
91,saver_16,894.8833809436111,buy,0
91,saver_8,792.0758786065421,buy,0
91,saver_15,700.7082320405206,buy,0
91,saver_0,632.6254348337317,buy,0
91,saver_21,545.8305108997677,sell,0
91,rnd_trader_0,,buy,1
91,saver_14,823.571006364976,buy,0
91,saver_13,650.5226116313613,buy,5
92,saver_19,854.2058786065422,sell,0
92,rnd_trader_4,,buy,1
92,rnd_trader_3,,sell,1
92,saver_11,638.5656578929317,buy,0
92,saver_18,898.077217559359,sell,0
92,saver_6,832.1161728071763,buy,0
92,saver_22,835.4284009632407,sell,0
92,saver_2,922.2833809436107,buy,0
92,saver_1,804.5010063649759,buy,0
92,saver_7,880.1184009632406,buy,0
92,saver_9,758.8526116313612,buy,0
92,saver_23,810.945878606542,sell,0
92,saver_20,905.6684009632405,sell,0
92,saver_3,907.8484009632406,buy,0
92,saver_12,629.9552398813631,buy,0
92,saver_4,635.9826116313614,buy,0
92,saver_17,658.9934373831425,sell,0
92,saver_10,795.1746174873492,buy,0
92,saver_5,833.9233809436113,buy,0
92,rnd_trader_1,,buy,1
92,rnd_trader_2,,buy,1
92,rnd_trader_5,,buy,1
92,saver_16,894.8833809436111,buy,0
92,saver_8,792.0758786065421,buy,0
92,saver_15,700.7082320405206,buy,0
92,saver_0,632.6254348337317,buy,0
92,saver_21,545.8305108997677,sell,0
92,rnd_trader_0,,buy,1
92,saver_14,823.571006364976,buy,0
92,saver_13,650.5226116313613,buy,0
93,saver_19,854.2058786065422,sell,0
93,rnd_trader_4,,buy,1
93,rnd_trader_3,,sell,1
93,saver_11,638.5656578929317,buy,0
93,saver_18,898.077217559359,sell,0
93,saver_6,832.1161728071763,buy,0
93,saver_22,835.4284009632407,sell,0
93,saver_2,922.2833809436107,buy,0
93,saver_1,804.5010063649759,buy,0
93,saver_7,880.1184009632406,buy,0
93,saver_9,758.8526116313612,buy,0
93,saver_23,810.945878606542,sell,0
93,saver_20,905.6684009632405,sell,0
93,saver_3,907.8484009632406,buy,0
93,saver_12,629.9552398813631,buy,0
93,saver_4,635.9826116313614,buy,0
93,saver_17,658.9934373831425,sell,0
93,saver_10,795.1746174873492,buy,0
93,saver_5,833.9233809436113,buy,0
93,rnd_trader_1,,buy,1
93,rnd_trader_2,,sell,1
93,rnd_trader_5,,buy,1
93,saver_16,894.8833809436111,buy,0
93,saver_8,792.0758786065421,buy,0
93,saver_15,700.7082320405206,buy,0
93,saver_0,632.6254348337317,buy,0
93,saver_21,545.8305108997677,sell,0
93,rnd_trader_0,,sell,1
93,saver_14,823.571006364976,buy,0
93,saver_13,650.5226116313613,buy,0
94,saver_19,854.2058786065422,sell,0
94,rnd_trader_4,,sell,1
94,rnd_trader_3,,buy,1
94,saver_11,638.5656578929317,buy,0
94,saver_18,898.077217559359,sell,0
94,saver_6,562.2341841439923,buy,5
94,saver_22,835.4284009632407,sell,0
94,saver_2,922.2833809436107,buy,0
94,saver_1,804.5010063649759,buy,0
94,saver_7,880.1184009632406,buy,0
94,saver_9,758.8526116313612,buy,0
94,saver_23,810.945878606542,sell,0
94,saver_20,905.6684009632405,sell,0
94,saver_3,907.8484009632406,buy,0
94,saver_12,629.9552398813631,buy,0
94,saver_4,635.9826116313614,buy,0
94,saver_17,658.9934373831425,sell,0
94,saver_10,795.1746174873492,buy,0
94,saver_5,833.9233809436113,buy,0
94,rnd_trader_1,,buy,1
94,rnd_trader_2,,buy,1
94,rnd_trader_5,,buy,1
94,saver_16,894.8833809436111,buy,0
94,saver_8,792.0758786065421,buy,0
94,saver_15,700.7082320405206,buy,0
94,saver_0,632.6254348337317,buy,0
94,saver_21,545.8305108997677,sell,0
94,rnd_trader_0,,sell,1
94,saver_14,823.571006364976,buy,0
94,saver_13,650.5226116313613,buy,0
95,saver_19,854.2058786065422,sell,0
95,rnd_trader_4,,buy,1
95,rnd_trader_3,,sell,1
95,saver_11,638.5656578929317,buy,0
95,saver_18,898.077217559359,sell,0
95,saver_6,562.2341841439923,buy,0
95,saver_22,539.6546730936337,sell,5
95,saver_2,922.2833809436107,buy,0
95,saver_1,804.5010063649759,buy,0
95,saver_7,584.3446730936336,buy,5
95,saver_9,758.8526116313612,buy,0
95,saver_23,810.945878606542,sell,0
95,saver_20,609.8946730936335,sell,5
95,saver_3,612.0746730936336,buy,5
95,saver_12,629.9552398813631,buy,0
95,saver_4,635.9826116313614,buy,0
95,saver_17,658.9934373831425,sell,0
95,saver_10,795.1746174873492,buy,0
95,saver_5,833.9233809436113,buy,0
95,rnd_trader_1,,sell,1
95,rnd_trader_2,,sell,1
95,rnd_trader_5,,buy,1
95,saver_16,894.8833809436111,buy,0
95,saver_8,792.0758786065421,buy,0
95,saver_15,700.7082320405206,buy,0
95,saver_0,632.6254348337317,buy,0
95,saver_21,545.8305108997677,sell,0
95,rnd_trader_0,,sell,1
95,saver_14,823.571006364976,buy,0
95,saver_13,650.5226116313613,buy,0
96,saver_19,854.2058786065422,sell,0
96,rnd_trader_4,,buy,1
96,rnd_trader_3,,sell,1
96,saver_11,638.5656578929317,buy,0
96,saver_18,898.077217559359,sell,0
96,saver_6,562.2341841439923,buy,0
96,saver_22,539.6546730936337,sell,0
96,saver_2,922.2833809436107,buy,0
96,saver_1,804.5010063649759,buy,0
96,saver_7,584.3446730936336,buy,0
96,saver_9,758.8526116313612,buy,0
96,saver_23,810.945878606542,sell,0
96,saver_20,609.8946730936335,sell,0
96,saver_3,612.0746730936336,buy,0
96,saver_12,629.9552398813631,buy,0
96,saver_4,635.9826116313614,buy,0
96,saver_17,658.9934373831425,sell,0
96,saver_10,507.31636417513437,buy,5
96,saver_5,833.9233809436113,buy,0
96,rnd_trader_1,,sell,1
96,rnd_trader_2,,sell,1
96,rnd_trader_5,,sell,1
96,saver_16,894.8833809436111,buy,0
96,saver_8,792.0758786065421,buy,0
96,saver_15,700.7082320405206,buy,0
96,saver_0,632.6254348337317,buy,0
96,saver_21,545.8305108997677,sell,0
96,rnd_trader_0,,sell,1
96,saver_14,823.571006364976,buy,0
96,saver_13,650.5226116313613,buy,0
97,saver_19,854.2058786065422,sell,0
97,rnd_trader_4,,buy,1
97,rnd_trader_3,,buy,1
97,saver_11,638.5656578929317,buy,0
97,saver_18,606.340381714022,sell,5
97,saver_6,562.2341841439923,buy,0
97,saver_22,539.6546730936337,sell,0
97,saver_2,922.2833809436107,buy,0
97,saver_1,804.5010063649759,buy,0
97,saver_7,584.3446730936336,buy,0
97,saver_9,758.8526116313612,buy,0
97,saver_23,810.945878606542,sell,0
97,saver_20,609.8946730936335,sell,0
97,saver_3,612.0746730936336,buy,0
97,saver_12,629.9552398813631,buy,0
97,saver_4,635.9826116313614,buy,0
97,saver_17,658.9934373831425,sell,0
97,saver_10,507.31636417513437,buy,0
97,saver_5,833.9233809436113,buy,0
97,rnd_trader_1,,buy,1
97,rnd_trader_2,,sell,1
97,rnd_trader_5,,buy,1
97,saver_16,894.8833809436111,buy,0
97,saver_8,792.0758786065421,buy,0
97,saver_15,700.7082320405206,buy,0
97,saver_0,632.6254348337317,buy,0
97,saver_21,545.8305108997677,sell,0
97,rnd_trader_0,,buy,1
97,saver_14,823.571006364976,buy,0
97,saver_13,650.5226116313613,buy,0
98,saver_19,566.3864111196585,sell,5
98,rnd_trader_4,,buy,1
98,rnd_trader_3,,buy,1
98,saver_11,638.5656578929317,buy,0
98,saver_18,606.340381714022,sell,0
98,saver_6,562.2341841439923,buy,0
98,saver_22,539.6546730936337,sell,0
98,saver_2,922.2833809436107,buy,0
98,saver_1,804.5010063649759,buy,0
98,saver_7,584.3446730936336,buy,0
98,saver_9,758.8526116313612,buy,0
98,saver_23,523.1264111196583,sell,5
98,saver_20,609.8946730936335,sell,0
98,saver_3,612.0746730936336,buy,0
98,saver_12,629.9552398813631,buy,0
98,saver_4,635.9826116313614,buy,0
98,saver_17,658.9934373831425,sell,0
98,saver_10,507.31636417513437,buy,0
98,saver_5,833.9233809436113,buy,0
98,rnd_trader_1,,sell,1
98,rnd_trader_2,,sell,1
98,rnd_trader_5,,sell,1
98,saver_16,894.8833809436111,buy,0
98,saver_8,504.2564111196584,buy,5
98,saver_15,700.7082320405206,buy,0
98,saver_0,632.6254348337317,buy,0
98,saver_21,545.8305108997677,sell,0
98,rnd_trader_0,,buy,1
98,saver_14,823.571006364976,buy,0
98,saver_13,650.5226116313613,buy,0
99,saver_19,566.3864111196585,sell,0
99,rnd_trader_4,,buy,1
99,rnd_trader_3,,buy,1
99,saver_11,638.5656578929317,buy,0
99,saver_18,606.340381714022,sell,0
99,saver_6,562.2341841439923,buy,0
99,saver_22,539.6546730936337,sell,0
99,saver_2,653.8548868310712,buy,5
99,saver_1,804.5010063649759,buy,0
99,saver_7,584.3446730936336,buy,0
99,saver_9,758.8526116313612,buy,0
99,saver_23,523.1264111196583,sell,0
99,saver_20,609.8946730936335,sell,0
99,saver_3,612.0746730936336,buy,0
99,saver_12,629.9552398813631,buy,0
99,saver_4,635.9826116313614,buy,0
99,saver_17,658.9934373831425,sell,0
99,saver_10,507.31636417513437,buy,0
99,saver_5,565.4948868310718,buy,5
99,rnd_trader_1,,buy,1
99,rnd_trader_2,,buy,1
99,rnd_trader_5,,sell,1
99,saver_16,626.4548868310716,buy,5
99,saver_8,504.2564111196584,buy,0
99,saver_15,700.7082320405206,buy,0
99,saver_0,632.6254348337317,buy,0
99,saver_21,545.8305108997677,sell,0
99,rnd_trader_0,,buy,1
99,saver_14,823.571006364976,buy,0
99,saver_13,650.5226116313613,buy,0
100,saver_19,566.3864111196585,sell,0
100,rnd_trader_4,,sell,1
100,rnd_trader_3,,buy,1
100,saver_11,638.5656578929317,buy,0
100,saver_18,606.340381714022,sell,0
100,saver_6,562.2341841439923,buy,0
100,saver_22,539.6546730936337,sell,0
100,saver_2,653.8548868310712,buy,0
100,saver_1,804.5010063649759,buy,0
100,saver_7,584.3446730936336,buy,0
100,saver_9,758.8526116313612,buy,0
100,saver_23,523.1264111196583,sell,0
100,saver_20,609.8946730936335,sell,0
100,saver_3,612.0746730936336,buy,0
100,saver_12,629.9552398813631,buy,0
100,saver_4,635.9826116313614,buy,0
100,saver_17,658.9934373831425,sell,0
100,saver_10,507.31636417513437,buy,0
100,saver_5,565.4948868310718,buy,0
100,rnd_trader_1,,buy,1
100,rnd_trader_2,,buy,1
100,rnd_trader_5,,sell,1
100,saver_16,626.4548868310716,buy,0
100,saver_8,504.2564111196584,buy,0
100,saver_15,700.7082320405206,buy,0
100,saver_0,632.6254348337317,buy,0
100,saver_21,545.8305108997677,sell,0
100,rnd_trader_0,,sell,1
100,saver_14,823.571006364976,buy,0
100,saver_13,650.5226116313613,buy,0
